timestamp,container,pod,namespace,cpu_usage_cores,cpu_usage_percent,memory_usage_bytes,memory_working_set_bytes,network_receive_bytes,network_transmit_bytes,network_receive_packets,network_transmit_packets,memory_usage_mb,memory_working_set_mb,network_receive_kb_s,network_transmit_kb_s
2025-10-04 20:00:46.541,app,app-degradacao-57f8dfd878-gdvk5,tcc-degradacao,0.0005410796427319252,0.05410796427319252,29437952.0,22589440.0,,,,,28.07421875,21.54296875,,
2025-10-04 20:00:46.541,unknown,app-degradacao-57f8dfd878-gdvk5,tcc-degradacao,0.0,0.0,155648.0,155648.0,213.18651650725084,188.79203949398334,2.3912372724467756,1.7741437827830917,0.1484375,0.1484375,0.20818995752661215,0.1843672260683431
2025-10-04 20:01:01.541,app,app-degradacao-57f8dfd878-gdvk5,tcc-degradacao,0.0005007457121551092,0.05007457121551092,29466624.0,22618112.0,,,,,28.1015625,21.5703125,,
2025-10-04 20:01:01.541,unknown,app-degradacao-57f8dfd878-gdvk5,tcc-degradacao,0.0,0.0,155648.0,155648.0,214.92278144649953,198.7687126733142,2.4467889184140597,1.841669078376174,0.1484375,0.1484375,0.2098855287563472,0.1941100709700334
2025-10-04 20:01:16.541,app,app-degradacao-57f8dfd878-gdvk5,tcc-degradacao,0.0005275073144994887,0.05275073144994887,29433856.0,22585344.0,,,,,28.0703125,21.5390625,,
2025-10-04 20:01:16.541,unknown,app-degradacao-57f8dfd878-gdvk5,tcc-degradacao,0.0,0.0,155648.0,155648.0,201.74409060089837,186.58056120575188,2.2967560810238155,1.7287411362544847,0.1484375,0.1484375,0.19701571347743982,0.18220757930249207
2025-10-04 20:01:31.541,app,app-degradacao-57f8dfd878-gdvk5,tcc-degradacao,0.00042691156448633114,0.04269115644863311,29433856.0,22585344.0,,,,,28.0703125,21.5390625,,
2025-10-04 20:01:31.541,unknown,app-degradacao-57f8dfd878-gdvk5,tcc-degradacao,0.0,0.0,155648.0,155648.0,244.32679525153344,216.08321477715324,2.728735685798913,2.029059868927397,0.1484375,0.1484375,0.23860038598782563,0.21101876443081372
2025-10-04 20:01:46.541,app,app-degradacao-57f8dfd878-gdvk5,tcc-degradacao,0.0005360404171394967,0.05360404171394967,29437952.0,22589440.0,,,,,28.07421875,21.54296875,,
2025-10-04 20:01:46.541,unknown,app-degradacao-57f8dfd878-gdvk5,tcc-degradacao,0.0,0.0,155648.0,155648.0,224.09285122122313,195.52324469102734,2.508343430478498,1.828114703569075,0.1484375,0.1484375,0.2188406750207257,0.1909406686435814
2025-10-04 20:02:01.541,app,app-degradacao-57f8dfd878-gdvk5,tcc-degradacao,0.0005442633854339958,0.05442633854339958,29437952.0,22589440.0,,,,,28.07421875,21.54296875,,
2025-10-04 20:02:01.541,unknown,app-degradacao-57f8dfd878-gdvk5,tcc-degradacao,0.0,0.0,155648.0,155648.0,217.16070481466207,192.173964287819,2.435814328088475,1.8072170821301592,0.1484375,0.1484375,0.21207100079556843,0.18766988699982323
2025-10-04 20:02:16.541,app,app-degradacao-57f8dfd878-gdvk5,tcc-degradacao,0.0005276159825941062,0.05276159825941062,29437952.0,22589440.0,,,,,28.07421875,21.54296875,,
2025-10-04 20:02:16.541,unknown,app-degradacao-57f8dfd878-gdvk5,tcc-degradacao,0.0,0.0,155648.0,155648.0,214.7645503187847,189.83578999159474,2.3985731564812722,1.7835543984091513,0.1484375,0.1484375,0.20973100617068818,0.18538651366366674
2025-10-04 20:02:31.541,unknown,app-degradacao-57f8dfd878-gdvk5,tcc-degradacao,0.0,0.0,155648.0,155648.0,228.51409126603264,202.03298141523427,2.552133321699677,1.8977401622895036,0.1484375,0.1484375,0.223158292251985,0.19729783341331472
2025-10-04 20:02:31.541,app,app-degradacao-57f8dfd878-gdvk5,tcc-degradacao,0.0005091191886478792,0.050911918864787915,29433856.0,22585344.0,,,,,28.0703125,21.5390625,,
2025-10-04 20:02:46.541,unknown,app-degradacao-57f8dfd878-gdvk5,tcc-degradacao,0.0,0.0,155648.0,155648.0,225.975863325545,197.18762727487083,2.5294205911984733,1.8434760240938026,0.1484375,0.1484375,0.22067955402885253,0.19256604226061605
2025-10-04 20:02:46.541,app,app-degradacao-57f8dfd878-gdvk5,tcc-degradacao,0.0004930845511482321,0.04930845511482321,29437952.0,22589440.0,,,,,28.07421875,21.54296875,,
2025-10-04 20:03:01.541,unknown,app-degradacao-57f8dfd878-gdvk5,tcc-degradacao,0.0,0.0,155648.0,155648.0,190.7746712997746,164.0124154770849,2.1354338842975205,1.525309917355372,0.1484375,0.1484375,0.18630338994118614,0.1601683744893407
2025-10-04 20:03:01.541,app,app-degradacao-57f8dfd878-gdvk5,tcc-degradacao,0.0005019735919373214,0.05019735919373214,29433856.0,22585344.0,,,,,28.0703125,21.5390625,,
2025-10-04 20:03:16.541,unknown,app-degradacao-57f8dfd878-gdvk5,tcc-degradacao,0.0,0.0,155648.0,155648.0,243.64185663279318,207.4979401263389,2.6915682504806373,1.9225487503433123,0.1484375,0.1484375,0.2379315006179621,0.20263470715462784
2025-10-04 20:03:16.541,app,app-degradacao-57f8dfd878-gdvk5,tcc-degradacao,0.0005169675513916431,0.05169675513916431,29462528.0,22614016.0,,,,,28.09765625,21.56640625,,
2025-10-04 20:03:31.541,app,app-degradacao-57f8dfd878-gdvk5,tcc-degradacao,0.000499121646533212,0.0499121646533212,29433856.0,22585344.0,,,,,28.0703125,21.5390625,,
2025-10-04 20:03:31.541,unknown,app-degradacao-57f8dfd878-gdvk5,tcc-degradacao,0.0,0.0,155648.0,155648.0,233.59062482393375,198.0956673615415,2.5635247056172177,1.83108907544087,0.1484375,0.1484375,0.2281158445546228,0.19345280015775537
2025-10-04 20:03:46.541,app,app-degradacao-57f8dfd878-gdvk5,tcc-degradacao,0.0004967411048189137,0.049674110481891375,29433856.0,22585344.0,,,,,28.0703125,21.5390625,,
2025-10-04 20:03:46.541,unknown,app-degradacao-57f8dfd878-gdvk5,tcc-degradacao,0.0,0.0,155648.0,155648.0,221.55302908306228,190.5053302843892,2.479951045122226,1.7713936036587332,0.1484375,0.1484375,0.216360379963928,0.18604036160584883
2025-10-04 20:04:01.541,app,app-degradacao-57f8dfd878-gdvk5,tcc-degradacao,0.0003811801964241092,0.03811801964241092,29433856.0,22585344.0,,,,,28.0703125,21.5390625,,
2025-10-04 20:04:01.541,unknown,app-degradacao-57f8dfd878-gdvk5,tcc-degradacao,0.0,0.0,155648.0,155648.0,219.74626963780975,188.6544402813383,2.454041499594645,1.7528867854247463,0.1484375,0.1484375,0.21459596644317358,0.18423285183724444
2025-10-04 20:04:16.541,app,app-degradacao-57f8dfd878-gdvk5,tcc-degradacao,0.0005359263402461167,0.05359263402461167,29446144.0,22597632.0,,,,,28.08203125,21.55078125,,
2025-10-04 20:04:16.541,unknown,app-degradacao-57f8dfd878-gdvk5,tcc-degradacao,0.0,0.0,155648.0,155648.0,226.3795859724386,195.45905255276523,2.5497298500516017,1.8212356071797153,0.1484375,0.1484375,0.22107381442620958,0.1908779810085598
2025-10-04 20:04:31.541,unknown,app-degradacao-57f8dfd878-gdvk5,tcc-degradacao,0.0,0.0,155648.0,155648.0,228.59069453809846,197.34771858844687,2.574633727701833,1.839024091215595,0.1484375,0.1484375,0.22323310013486178,0.19272238143403014
2025-10-04 20:04:31.541,app,app-degradacao-57f8dfd878-gdvk5,tcc-degradacao,0.0005219582769403128,0.05219582769403128,29437952.0,22589440.0,,,,,28.07421875,21.54296875,,
2025-10-04 20:04:46.541,app,app-degradacao-57f8dfd878-gdvk5,tcc-degradacao,0.00030747452216814,0.030747452216814002,29437952.0,22589440.0,,,,,28.07421875,21.54296875,,
2025-10-04 20:04:46.541,unknown,app-degradacao-57f8dfd878-gdvk5,tcc-degradacao,0.0,0.0,155648.0,155648.0,233.8957536222794,201.9277007673169,2.63438499655021,1.881703568964436,0.1484375,0.1484375,0.2284138218967572,0.19719502028058292
2025-10-04 20:05:01.541,unknown,app-degradacao-57f8dfd878-gdvk5,tcc-degradacao,0.0,0.0,155648.0,155648.0,236.82346273731937,203.31538679512613,2.64475299896099,1.8891092849721358,0.1484375,0.1484375,0.23127291282941345,0.19855018241711536
2025-10-04 20:05:01.541,app,app-degradacao-57f8dfd878-gdvk5,tcc-degradacao,0.0004803896036251647,0.04803896036251647,29433856.0,22585344.0,,,,,28.0703125,21.5390625,,
2025-10-04 20:05:16.541,app,app-degradacao-57f8dfd878-gdvk5,tcc-degradacao,0.0004851191782625771,0.04851191782625771,29433856.0,22585344.0,,,,,28.0703125,21.5390625,,
2025-10-04 20:05:16.541,unknown,app-degradacao-57f8dfd878-gdvk5,tcc-degradacao,0.0,0.0,155648.0,155648.0,234.8176125633635,200.94920982009742,2.609084584037372,1.8636318457409802,0.1484375,0.1484375,0.22931407476890966,0.1962394627149389
2025-10-04 20:05:31.541,unknown,app-degradacao-57f8dfd878-gdvk5,tcc-degradacao,0.0,0.0,155648.0,155648.0,231.2563090758924,197.90768101312284,2.5695145452876935,1.8353675323483525,0.1484375,0.1484375,0.22583623933192618,0.19326921973937777
2025-10-04 20:05:31.541,app,app-degradacao-57f8dfd878-gdvk5,tcc-degradacao,0.0005088329709019286,0.05088329709019286,29433856.0,22585344.0,,,,,28.0703125,21.5390625,,
2025-10-04 20:05:46.541,app,app-degradacao-57f8dfd878-gdvk5,tcc-degradacao,0.0005301183844011124,0.05301183844011124,29433856.0,22585344.0,,,,,28.0703125,21.5390625,,
2025-10-04 20:05:46.541,unknown,app-degradacao-57f8dfd878-gdvk5,tcc-degradacao,0.0,0.0,155648.0,155648.0,220.3944128134912,190.29137689867807,2.482318406587994,1.7730845761342815,0.1484375,0.1484375,0.215228918763175,0.1858314227526153
2025-10-04 20:06:01.541,app,app-degradacao-57f8dfd878-gdvk5,tcc-degradacao,0.0005466852201570243,0.05466852201570243,29433856.0,22585344.0,,,,,28.0703125,21.5390625,,
2025-10-04 20:06:01.541,unknown,app-degradacao-57f8dfd878-gdvk5,tcc-degradacao,0.0,0.0,155648.0,155648.0,227.14656955468737,192.88631180723746,2.510297523290965,1.8208496119645732,0.1484375,0.1484375,0.2218228218307494,0.18836553887425533
2025-10-04 20:06:16.541,unknown,app-degradacao-57f8dfd878-gdvk5,tcc-degradacao,0.0,0.0,155648.0,155648.0,188.5075669070235,158.88865007280037,2.0724606531234833,1.5255613141047863,0.1484375,0.1484375,0.18408942080764013,0.15516469733671912
2025-10-04 20:06:16.541,app,app-degradacao-57f8dfd878-gdvk5,tcc-degradacao,0.000553728544641565,0.0553728544641565,29433856.0,22585344.0,,,,,28.0703125,21.5390625,,
2025-10-04 20:06:31.541,unknown,app-degradacao-57f8dfd878-gdvk5,tcc-degradacao,0.0,0.0,155648.0,155648.0,248.29337990157168,215.69561306027413,2.751759538551093,2.0109012012488754,0.1484375,0.1484375,0.2424740038101286,0.21064024712917395
2025-10-04 20:06:31.541,app,app-degradacao-57f8dfd878-gdvk5,tcc-degradacao,0.0005205288646981017,0.05205288646981017,29433856.0,22585344.0,,,,,28.0703125,21.5390625,,
2025-10-04 20:06:46.541,app,app-degradacao-57f8dfd878-gdvk5,tcc-degradacao,0.0004704387168929041,0.04704387168929041,29437952.0,22589440.0,,,,,28.07421875,21.54296875,,
2025-10-04 20:06:46.541,unknown,app-degradacao-57f8dfd878-gdvk5,tcc-degradacao,0.0,0.0,155648.0,155648.0,217.7016416845111,198.00671478044785,2.484997488566368,1.824093901181696,0.1484375,0.1484375,0.21259925945753036,0.1933659324027811
2025-10-04 20:07:01.541,app,app-degradacao-57f8dfd878-gdvk5,tcc-degradacao,0.00027728694278531614,0.027728694278531613,29437952.0,22589440.0,,,,,28.07421875,21.54296875,,
2025-10-04 20:07:01.541,unknown,app-degradacao-57f8dfd878-gdvk5,tcc-degradacao,0.0,0.0,155648.0,155648.0,203.42778656952615,178.61515033889702,2.269266370069571,1.672091009524947,0.1484375,0.1484375,0.19865994782180288,0.17442885775282913
2025-10-04 20:07:16.541,unknown,app-degradacao-57f8dfd878-gdvk5,tcc-degradacao,0.0,0.0,155648.0,155648.0,213.37167782903245,188.99461504313757,2.393314161085484,1.7756847001601976,0.1484375,0.1484375,0.2083707791299145,0.18456505375306403
2025-10-04 20:07:16.541,app,app-degradacao-57f8dfd878-gdvk5,tcc-degradacao,0.000499496430249961,0.0499496430249961,29437952.0,22589440.0,,,,,28.07421875,21.54296875,,
2025-10-04 20:07:31.541,unknown,app-degradacao-57f8dfd878-gdvk5,tcc-degradacao,0.0,0.0,155648.0,155648.0,226.1697882474094,197.39975542253973,2.5315912552830877,1.8450580335114029,0.1484375,0.1484375,0.22086893383536074,0.19277319865482395
2025-10-04 20:07:31.541,app,app-degradacao-57f8dfd878-gdvk5,tcc-degradacao,0.0005369538113601296,0.053695381136012965,29437952.0,22589440.0,,,,,28.07421875,21.54296875,,
2025-10-04 20:07:46.541,app,app-degradacao-57f8dfd878-gdvk5,tcc-degradacao,0.0005097801847722299,0.05097801847722299,29466624.0,22618112.0,,,,,28.1015625,21.5703125,,
2025-10-04 20:07:46.541,unknown,app-degradacao-57f8dfd878-gdvk5,tcc-degradacao,0.0,0.0,155648.0,155648.0,227.023512839961,200.82349116914074,2.5354859681438944,1.885361360927511,0.1484375,0.1484375,0.22170264925777441,0.196116690594864
2025-10-04 20:08:01.541,app,app-degradacao-57f8dfd878-gdvk5,tcc-degradacao,0.00045978166231333084,0.045978166231333086,29466624.0,22618112.0,,,,,28.1015625,21.5703125,,
2025-10-04 20:08:01.541,unknown,app-degradacao-57f8dfd878-gdvk5,tcc-degradacao,0.0,0.0,155648.0,155648.0,236.0871609970215,206.0555841712763,2.6425996013705686,1.925962421337872,0.1484375,0.1484375,0.2305538681611538,0.20122615641726202
2025-10-04 20:08:16.541,app,app-degradacao-57f8dfd878-gdvk5,tcc-degradacao,0.00033889055819480326,0.033889055819480325,29433856.0,22585344.0,,,,,28.0703125,21.5390625,,
2025-10-04 20:08:16.541,unknown,app-degradacao-57f8dfd878-gdvk5,tcc-degradacao,0.0,0.0,155648.0,155648.0,235.77158813924325,205.36242516032848,2.626783728139717,1.9168421799938475,0.1484375,0.1484375,0.23024569154222974,0.20054924332063329
2025-10-04 20:08:31.541,unknown,app-degradacao-57f8dfd878-gdvk5,tcc-degradacao,0.0,0.0,155648.0,155648.0,245.65228040954293,210.94400627051388,2.743349826091216,1.9595355900651545,0.1484375,0.1484375,0.23989480508744426,0.2060000061235487
2025-10-04 20:08:31.541,app,app-degradacao-57f8dfd878-gdvk5,tcc-degradacao,0.0004947462103812347,0.049474621038123466,29437952.0,22589440.0,,,,,28.07421875,21.54296875,,
2025-10-04 20:08:46.541,unknown,app-degradacao-57f8dfd878-gdvk5,tcc-degradacao,0.0,0.0,155648.0,155648.0,206.88293980303393,176.40204674446497,2.285483947773343,1.6324885341238164,0.1484375,0.1484375,0.20203412090140033,0.17226762377389157
2025-10-04 20:08:46.541,app,app-degradacao-57f8dfd878-gdvk5,tcc-degradacao,0.00047234278792772263,0.04723427879277226,29437952.0,22589440.0,,,,,28.07421875,21.54296875,,
2025-10-04 20:09:01.541,app,app-degradacao-57f8dfd878-gdvk5,tcc-degradacao,0.0004905627094725487,0.04905627094725487,29466624.0,22618112.0,,,,,28.1015625,21.5703125,,
2025-10-04 20:09:01.541,unknown,app-degradacao-57f8dfd878-gdvk5,tcc-degradacao,0.0,0.0,155648.0,155648.0,230.44896259801544,200.72629704161176,2.5674831725765044,1.8735688016098815,0.1484375,0.1484375,0.22504781503712445,0.19602177445469898
2025-10-04 20:09:16.541,unknown,app-degradacao-57f8dfd878-gdvk5,tcc-degradacao,0.0,0.0,155648.0,155648.0,224.65146913535074,197.0800248819935,2.5430860990156976,1.847853928061766,0.1484375,0.1484375,0.21938620032749095,0.19246096179882177
2025-10-04 20:09:16.541,app,app-degradacao-57f8dfd878-gdvk5,tcc-degradacao,0.00048405946059118635,0.04840594605911863,29433856.0,22585344.0,,,,,28.0703125,21.5390625,,
2025-10-04 20:09:31.541,app,app-degradacao-57f8dfd878-gdvk5,tcc-degradacao,0.0005081742904998736,0.050817429049987366,29437952.0,22589440.0,,,,,28.07421875,21.54296875,,
2025-10-04 20:09:31.541,unknown,app-degradacao-57f8dfd878-gdvk5,tcc-degradacao,0.0,0.0,155648.0,155648.0,222.43768892944735,194.73754253883155,2.5095534135629958,1.8251297553185424,0.1484375,0.1484375,0.21722430559516342,0.19017338138557768
2025-10-04 20:09:46.541,unknown,app-degradacao-57f8dfd878-gdvk5,tcc-degradacao,0.0,0.0,155648.0,155648.0,220.3847592138613,189.61648730626996,2.472264927078572,1.765903519341837,0.1484375,0.1484375,0.2152194914197864,0.18517235088502926
2025-10-04 20:09:46.541,app,app-degradacao-57f8dfd878-gdvk5,tcc-degradacao,0.00048784149587136245,0.04878414958713625,29564928.0,22716416.0,,,,,28.1953125,21.6640625,,
2025-10-04 20:10:01.541,app,app-degradacao-57f8dfd878-gdvk5,tcc-degradacao,0.0005001413693982297,0.05001413693982297,29437952.0,22589440.0,,,,,28.07421875,21.54296875,,
2025-10-04 20:10:01.541,unknown,app-degradacao-57f8dfd878-gdvk5,tcc-degradacao,0.0,0.0,155648.0,155648.0,229.09280727320183,191.63929790982448,2.479500619875155,1.8052504513126129,0.1484375,0.1484375,0.22372344460273616,0.18714775186506297
2025-10-04 20:10:16.541,app,app-degradacao-57f8dfd878-gdvk5,tcc-degradacao,0.00047169654886517485,0.04716965488651748,29437952.0,22589440.0,,,,,28.07421875,21.54296875,,
2025-10-04 20:10:16.541,unknown,app-degradacao-57f8dfd878-gdvk5,tcc-degradacao,0.0,0.0,155648.0,155648.0,219.81609808102345,194.1409026297086,2.4431414356787493,1.8212508884150675,0.1484375,0.1484375,0.21466415828224947,0.1895907252243248
2025-10-04 20:10:31.541,app,app-degradacao-57f8dfd878-gdvk5,tcc-degradacao,0.0004918168791009824,0.04918168791009824,29437952.0,22589440.0,,,,,28.07421875,21.54296875,,
2025-10-04 20:10:31.541,unknown,app-degradacao-57f8dfd878-gdvk5,tcc-degradacao,0.0,0.0,155648.0,155648.0,221.78648261025452,195.92595912513443,2.465041233416995,1.837576192183578,0.1484375,0.1484375,0.21658836192407668,0.1913339444581391
2025-10-04 20:10:46.541,app,app-degradacao-57f8dfd878-gdvk5,tcc-degradacao,0.0005052858261550835,0.050528582615508355,29433856.0,22585344.0,,,,,28.0703125,21.5390625,,
2025-10-04 20:10:46.541,unknown,app-degradacao-57f8dfd878-gdvk5,tcc-degradacao,0.0,0.0,155648.0,155648.0,183.0,166.3777777777778,2.088888888888889,1.5333333333333334,0.1484375,0.1484375,0.1787109375,0.16247829861111113
2025-10-04 20:11:01.541,unknown,app-degradacao-57f8dfd878-gdvk5,tcc-degradacao,0.0,0.0,155648.0,155648.0,219.56823215283669,189.05884544532526,2.4631051683811807,1.7593608345579863,0.1484375,0.1484375,0.21442210171175458,0.18462777875520045
2025-10-04 20:11:01.541,app,app-degradacao-57f8dfd878-gdvk5,tcc-degradacao,0.0005245980321574326,0.052459803215743256,29437952.0,22589440.0,,,,,28.07421875,21.54296875,,
2025-10-04 20:11:16.541,unknown,app-degradacao-57f8dfd878-gdvk5,tcc-degradacao,0.0,0.0,155648.0,155648.0,230.43478260869563,199.35370152761456,2.604778691735213,1.8605562083822953,0.1484375,0.1484375,0.22503396739130432,0.1946813491480611
2025-10-04 20:11:16.541,app,app-degradacao-57f8dfd878-gdvk5,tcc-degradacao,0.0005047100191005472,0.05047100191005472,29437952.0,22589440.0,,,,,28.07421875,21.54296875,,
2025-10-04 20:11:31.541,unknown,app-degradacao-57f8dfd878-gdvk5,tcc-degradacao,0.0,0.0,155648.0,155648.0,223.54305595824874,187.02884894172223,2.464482458683676,1.7577558712670338,0.1484375,0.1484375,0.2183037655842273,0.18264536029465062
2025-10-04 20:11:31.541,app,app-degradacao-57f8dfd878-gdvk5,tcc-degradacao,0.0004862233892900461,0.04862233892900461,29433856.0,22585344.0,,,,,28.0703125,21.5390625,,
2025-10-04 20:11:46.541,unknown,app-degradacao-57f8dfd878-gdvk5,tcc-degradacao,0.0,0.0,155648.0,155648.0,236.51646563064372,203.60750039018083,2.6532295823950416,1.8951639874250297,0.1484375,0.1484375,0.2309731109674255,0.19883544959978597
2025-10-04 20:11:46.541,app,app-degradacao-57f8dfd878-gdvk5,tcc-degradacao,0.0005012479481932903,0.05012479481932903,29437952.0,22589440.0,,,,,28.07421875,21.54296875,,
2025-10-04 20:12:01.541,unknown,app-degradacao-57f8dfd878-gdvk5,tcc-degradacao,0.0,0.0,155648.0,155648.0,186.0572850645299,159.98384084266527,2.082629880792092,1.4875927719943516,0.1484375,0.1484375,0.18169656744583,0.1562342195729153
2025-10-04 20:12:01.541,app,app-degradacao-57f8dfd878-gdvk5,tcc-degradacao,0.0005067097852868677,0.050670978528686766,29437952.0,22589440.0,,,,,28.07421875,21.54296875,,
2025-10-04 20:12:16.541,unknown,app-degradacao-57f8dfd878-gdvk5,tcc-degradacao,0.0,0.0,155648.0,155648.0,233.75618146635134,206.2137174801118,2.644592560739626,1.892066222317781,0.1484375,0.1484375,0.22827752096323373,0.20138058347667168
2025-10-04 20:12:16.541,app,app-degradacao-57f8dfd878-gdvk5,tcc-degradacao,0.0004907458912768986,0.04907458912768987,29433856.0,22585344.0,,,,,28.0703125,21.5390625,,
2025-10-04 20:12:31.541,app,app-degradacao-57f8dfd878-gdvk5,tcc-degradacao,0.0005054042690015048,0.050540426900150474,29437952.0,22589440.0,,,,,28.07421875,21.54296875,,
2025-10-04 20:12:31.541,unknown,app-degradacao-57f8dfd878-gdvk5,tcc-degradacao,0.0,0.0,155648.0,155648.0,256.8693658808587,217.9610297078777,2.8189956940615226,2.0135683529010877,0.1484375,0.1484375,0.2508489901180261,0.21285256807409933
2025-10-04 20:12:46.541,unknown,app-degradacao-57f8dfd878-gdvk5,tcc-degradacao,0.0,0.0,155648.0,155648.0,143.4093808465856,123.83432725288432,1.6152303554724041,1.1537359681945745,0.1484375,0.1484375,0.14004822348299376,0.12093196020789485
2025-10-04 20:12:46.541,app,app-degradacao-57f8dfd878-gdvk5,tcc-degradacao,0.0005030385829368031,0.050303858293680316,29433856.0,22585344.0,,,,,28.0703125,21.5390625,,
2025-10-04 20:13:01.541,app,app-degradacao-57f8dfd878-gdvk5,tcc-degradacao,0.0005356841927873287,0.05356841927873287,29433856.0,22585344.0,,,,,28.0703125,21.5390625,,
2025-10-04 20:13:01.541,unknown,app-degradacao-57f8dfd878-gdvk5,tcc-degradacao,0.0,0.0,155648.0,155648.0,214.48291728977338,185.148970435983,2.415736799723916,1.7255262855170828,0.1484375,0.1484375,0.20945597391579432,0.18080954144138964
2025-10-04 20:13:16.541,unknown,app-degradacao-57f8dfd878-gdvk5,tcc-degradacao,0.0,0.0,155648.0,155648.0,216.30849568186383,187.9393452500502,2.460333400281181,1.7573810002008434,0.1484375,0.1484375,0.21123876531432015,0.18353451684575214
2025-10-04 20:13:16.541,app,app-degradacao-57f8dfd878-gdvk5,tcc-degradacao,0.0005041615051099441,0.05041615051099441,29437952.0,22589440.0,,,,,28.07421875,21.54296875,,
2025-10-04 20:13:31.541,unknown,app-degradacao-57f8dfd878-gdvk5,tcc-degradacao,0.0,0.0,155648.0,155648.0,216.30849568186383,187.9393452500502,2.460333400281181,1.7573810002008434,0.1484375,0.1484375,0.21123876531432015,0.18353451684575214
2025-10-04 20:13:31.541,app,app-degradacao-57f8dfd878-gdvk5,tcc-degradacao,0.0005334608834598342,0.053346088345983415,29433856.0,22585344.0,,,,,28.0703125,21.5390625,,
2025-10-04 20:13:46.541,unknown,app-degradacao-57f8dfd878-gdvk5,tcc-degradacao,0.0,0.0,155648.0,155648.0,222.96337003278316,192.90898410111615,2.5203236626177254,1.8002311875840897,0.1484375,0.1484375,0.2177376660476398,0.18838767978624624
2025-10-04 20:13:46.541,app,app-degradacao-57f8dfd878-gdvk5,tcc-degradacao,0.0005190843165336692,0.05190843165336692,29433856.0,22585344.0,,,,,28.0703125,21.5390625,,
2025-10-04 20:14:01.541,unknown,app-degradacao-57f8dfd878-gdvk5,tcc-degradacao,0.0,0.0,155648.0,155648.0,227.4407529198322,195.21487697017804,2.5399705181993424,1.8142646558566733,0.1484375,0.1484375,0.22211011027327363,0.1906395282911895
2025-10-04 20:14:01.541,app,app-degradacao-57f8dfd878-gdvk5,tcc-degradacao,0.0005371411947245674,0.05371411947245674,29437952.0,22589440.0,,,,,28.07421875,21.54296875,,
2025-10-04 20:14:16.541,unknown,app-degradacao-57f8dfd878-gdvk5,tcc-degradacao,0.0,0.0,155648.0,155648.0,152.9423294518291,133.87973882236628,1.6928169284851151,1.2512125123585633,0.1484375,0.1484375,0.14935774360530185,0.13074193244371707
2025-10-04 20:14:16.541,app,app-degradacao-57f8dfd878-gdvk5,tcc-degradacao,0.0004793380810804808,0.04793380810804808,29437952.0,22589440.0,,,,,28.07421875,21.54296875,,
2025-10-04 20:14:31.541,unknown,app-degradacao-57f8dfd878-gdvk5,tcc-degradacao,0.0,0.0,155648.0,155648.0,237.02241042965218,206.3091782842461,2.6407194176143123,1.9270114669077414,0.1484375,0.1484375,0.2314671976852072,0.20147380691820907
2025-10-04 20:14:31.541,app,app-degradacao-57f8dfd878-gdvk5,tcc-degradacao,0.0004998651001937504,0.04998651001937504,29437952.0,22589440.0,,,,,28.07421875,21.54296875,,
2025-10-04 20:14:46.541,unknown,app-degradacao-57f8dfd878-gdvk5,tcc-degradacao,0.0,0.0,155648.0,155648.0,218.7218721872187,190.35806019626352,2.436829048758534,1.7782266031481195,0.1484375,0.1484375,0.21359557830783077,0.1858965431604136
2025-10-04 20:14:46.541,app,app-degradacao-57f8dfd878-gdvk5,tcc-degradacao,0.0004907380445738793,0.04907380445738793,29437952.0,22589440.0,,,,,28.07421875,21.54296875,,
2025-10-04 20:15:01.541,unknown,app-degradacao-57f8dfd878-gdvk5,tcc-degradacao,0.0,0.0,155648.0,155648.0,175.60455956508036,150.86828710999055,1.9656274293518226,1.404019592394159,0.1484375,0.1484375,0.1714888277002738,0.14733231163085014
2025-10-04 20:15:01.541,app,app-degradacao-57f8dfd878-gdvk5,tcc-degradacao,0.0005017752834726493,0.05017752834726493,29437952.0,22589440.0,,,,,28.07421875,21.54296875,,
2025-10-04 20:15:16.541,unknown,app-degradacao-57f8dfd878-gdvk5,tcc-degradacao,0.0,0.0,155648.0,155648.0,223.1243295542982,192.14185053530488,2.502997286666807,1.7878552047620049,0.1484375,0.1484375,0.21789485308036935,0.18763852591338367
2025-10-04 20:15:16.541,app,app-degradacao-57f8dfd878-gdvk5,tcc-degradacao,0.000500172361350499,0.0500172361350499,29433856.0,22585344.0,,,,,28.0703125,21.5390625,,
2025-10-04 20:15:31.541,app,app-degradacao-57f8dfd878-gdvk5,tcc-degradacao,0.0004937397071762199,0.04937397071762199,29437952.0,22589440.0,,,,,28.07421875,21.54296875,,
2025-10-04 20:15:31.541,unknown,app-degradacao-57f8dfd878-gdvk5,tcc-degradacao,0.0,0.0,155648.0,155648.0,247.70014917951272,213.86540692855962,2.7349577324714076,1.9890601690701146,0.1484375,0.1484375,0.2418946769331179,0.2088529364536715
2025-10-04 20:15:46.541,unknown,app-degradacao-57f8dfd878-gdvk5,tcc-degradacao,0.0,0.0,155648.0,155648.0,152.1512279128021,129.96395922189876,1.6727574300995192,1.231335330489924,0.1484375,0.1484375,0.14858518350859581,0.1269179289276355
2025-10-04 20:15:46.541,app,app-degradacao-57f8dfd878-gdvk5,tcc-degradacao,0.0005037487418606357,0.05037487418606357,29437952.0,22589440.0,,,,,28.07421875,21.54296875,,
2025-10-04 20:16:01.541,unknown,app-degradacao-57f8dfd878-gdvk5,tcc-degradacao,0.0,0.0,155648.0,155648.0,236.48677070626343,208.82934421402433,2.5869684095402348,1.956000504774324,0.1484375,0.1484375,0.23094411201783538,0.20393490645900814
2025-10-04 20:16:01.541,app,app-degradacao-57f8dfd878-gdvk5,tcc-degradacao,0.0005059738816338074,0.05059738816338073,29433856.0,22585344.0,,,,,28.0703125,21.5390625,,
2025-10-04 20:16:16.541,unknown,app-degradacao-57f8dfd878-gdvk5,tcc-degradacao,0.0,0.0,155648.0,155648.0,210.16139504684165,188.82756701604674,2.388461181708561,1.7855486504034874,0.1484375,0.1484375,0.2052357373504313,0.18440192091410815
2025-10-04 20:16:16.541,app,app-degradacao-57f8dfd878-gdvk5,tcc-degradacao,0.0005058543361778007,0.05058543361778007,29437952.0,22589440.0,,,,,28.07421875,21.54296875,,
2025-10-04 20:16:31.541,unknown,app-degradacao-57f8dfd878-gdvk5,tcc-degradacao,0.0,0.0,155648.0,155648.0,238.290879211175,206.28700250721613,2.6125613635884792,1.9383519794366135,0.1484375,0.1484375,0.23270593672966308,0.20145215088595325
2025-10-04 20:16:31.541,app,app-degradacao-57f8dfd878-gdvk5,tcc-degradacao,0.00050022058823527,0.050022058823527,29433856.0,22585344.0,,,,,28.0703125,21.5390625,,
2025-10-04 20:16:46.541,unknown,app-degradacao-57f8dfd878-gdvk5,tcc-degradacao,0.0,0.0,155648.0,155648.0,189.27547396381414,156.1129230455888,2.088754285617299,1.487879765097254,0.1484375,0.1484375,0.18483933004278724,0.1524540264117078
2025-10-04 20:16:46.541,app,app-degradacao-57f8dfd878-gdvk5,tcc-degradacao,0.00048177207507911344,0.048177207507911345,29437952.0,22589440.0,,,,,28.07421875,21.54296875,,
2025-10-04 20:17:01.541,unknown,app-degradacao-57f8dfd878-gdvk5,tcc-degradacao,0.0,0.0,155648.0,155648.0,238.52056862498426,205.39271187151422,2.620874743154275,1.9079968130163123,0.1484375,0.1484375,0.2329302427978362,0.2005788201870256
2025-10-04 20:17:01.541,app,app-degradacao-57f8dfd878-gdvk5,tcc-degradacao,0.00048926156446902,0.048926156446902,29462528.0,22614016.0,,,,,28.09765625,21.56640625,,
2025-10-04 20:17:16.541,unknown,app-degradacao-57f8dfd878-gdvk5,tcc-degradacao,0.0,0.0,155648.0,155648.0,224.38885189765054,204.06480864960844,2.5365420590380165,1.8706997685405373,0.1484375,0.1484375,0.21912973818129935,0.19928203969688324
2025-10-04 20:17:16.541,app,app-degradacao-57f8dfd878-gdvk5,tcc-degradacao,0.0004826617069642428,0.048266170696424276,29437952.0,22589440.0,,,,,28.07421875,21.54296875,,
2025-10-04 20:17:31.541,unknown,app-degradacao-57f8dfd878-gdvk5,tcc-degradacao,0.0,0.0,155648.0,155648.0,223.80999310140928,196.31418153148712,2.496632830721724,1.8396241910581124,0.1484375,0.1484375,0.218564446388095,0.1917130679018429
2025-10-04 20:17:31.541,app,app-degradacao-57f8dfd878-gdvk5,tcc-degradacao,0.00047788817053269077,0.047788817053269074,29437952.0,22589440.0,,,,,28.07421875,21.54296875,,
2025-10-04 20:17:46.541,unknown,app-degradacao-57f8dfd878-gdvk5,tcc-degradacao,0.0,0.0,155648.0,155648.0,228.91194269482523,200.07410151908113,2.5729694125396234,1.873121732328846,0.1484375,0.1484375,0.22354681903791526,0.19538486476472766
2025-10-04 20:17:46.541,app,app-degradacao-57f8dfd878-gdvk5,tcc-degradacao,0.0005168524474600237,0.05168524474600237,29466624.0,22618112.0,,,,,28.1015625,21.5703125,,
2025-10-04 20:18:01.541,unknown,app-degradacao-57f8dfd878-gdvk5,tcc-degradacao,0.0,0.0,155648.0,155648.0,243.92729743502633,211.96421493686654,2.7744748315497425,1.9817677368212447,0.1484375,0.1484375,0.2382102514013929,0.20699630364928373
2025-10-04 20:18:01.541,app,app-degradacao-57f8dfd878-gdvk5,tcc-degradacao,0.0005137628888790766,0.05137628888790766,29433856.0,22585344.0,,,,,28.0703125,21.5390625,,
2025-10-04 20:18:16.541,unknown,app-degradacao-57f8dfd878-gdvk5,tcc-degradacao,0.0,0.0,155648.0,155648.0,225.71728340260685,194.88721197691783,2.5422702877204313,1.8159073483717367,0.1484375,0.1484375,0.22042703457285825,0.19031954294620881
2025-10-04 20:18:16.541,app,app-degradacao-57f8dfd878-gdvk5,tcc-degradacao,0.0005033570448022142,0.05033570448022142,29437952.0,22589440.0,,,,,28.07421875,21.54296875,,
2025-10-04 20:18:31.541,unknown,app-degradacao-57f8dfd878-gdvk5,tcc-degradacao,0.0,0.0,155648.0,155648.0,227.87826937179176,196.75303511773814,2.566609630897091,1.8332925934979223,0.1484375,0.1484375,0.2225373724333904,0.19214163585716615
2025-10-04 20:18:31.541,app,app-degradacao-57f8dfd878-gdvk5,tcc-degradacao,0.0004689431328086729,0.04689431328086729,29466624.0,22618112.0,,,,,28.1015625,21.5703125,,
2025-10-04 20:18:46.541,app,app-degradacao-57f8dfd878-gdvk5,tcc-degradacao,0.00046112135581311095,0.046112135581311095,29433856.0,22585344.0,,,,,28.0703125,21.5390625,,
2025-10-04 20:18:46.541,unknown,app-degradacao-57f8dfd878-gdvk5,tcc-degradacao,0.0,0.0,155648.0,155648.0,213.49590708438691,185.95979942570605,2.3786054086486947,1.7357390819868854,0.1484375,0.1484375,0.2084920967620966,0.18160136662666607
2025-10-04 20:19:01.541,app,app-degradacao-57f8dfd878-gdvk5,tcc-degradacao,0.0004953918020368674,0.04953918020368674,29437952.0,22589440.0,,,,,28.07421875,21.54296875,,
2025-10-04 20:19:01.541,unknown,app-degradacao-57f8dfd878-gdvk5,tcc-degradacao,0.0,0.0,155648.0,155648.0,225.17615615129182,196.9304284441565,2.530979185227181,1.8425528468453876,0.1484375,0.1484375,0.21989858999149592,0.19231487152749657
2025-10-04 20:19:16.541,unknown,app-degradacao-57f8dfd878-gdvk5,tcc-degradacao,0.0,0.0,155648.0,155648.0,175.21810030898257,153.84627565658795,1.9545832413742368,1.4402192304862798,0.1484375,0.1484375,0.1711114260829908,0.15024050357088667
2025-10-04 20:19:16.541,app,app-degradacao-57f8dfd878-gdvk5,tcc-degradacao,0.00047994670219854234,0.047994670219854235,29433856.0,22585344.0,,,,,28.0703125,21.5390625,,
2025-10-04 20:19:31.541,app,app-degradacao-57f8dfd878-gdvk5,tcc-degradacao,0.0004984853992487843,0.049848539924878435,29437952.0,22589440.0,,,,,28.07421875,21.54296875,,
2025-10-04 20:19:31.541,unknown,app-degradacao-57f8dfd878-gdvk5,tcc-degradacao,0.0,0.0,155648.0,155648.0,222.80565415555228,191.84642204532565,2.499422402386003,1.7853017159900022,0.1484375,0.1484375,0.21758364663628152,0.18735002152863833
2025-10-04 20:19:46.541,unknown,app-degradacao-57f8dfd878-gdvk5,tcc-degradacao,0.0,0.0,155648.0,155648.0,242.93881110411314,208.51702921370085,2.7130468485054013,1.9378906060752867,0.1484375,0.1484375,0.2372449327188605,0.20362991134150474
2025-10-04 20:19:46.541,app,app-degradacao-57f8dfd878-gdvk5,tcc-degradacao,0.0004893101417764917,0.04893101417764917,29433856.0,22585344.0,,,,,28.0703125,21.5390625,,
2025-10-04 20:20:01.541,unknown,app-degradacao-57f8dfd878-gdvk5,tcc-degradacao,0.0,0.0,155648.0,155648.0,164.75656088659426,141.47652350008903,1.8442004925523707,1.3172860661088364,0.1484375,0.1484375,0.1608950789908147,0.1381606674805557
2025-10-04 20:20:01.541,app,app-degradacao-57f8dfd878-gdvk5,tcc-degradacao,0.0004951947192070998,0.04951947192070998,29437952.0,22589440.0,,,,,28.07421875,21.54296875,,
2025-10-04 20:20:16.541,app,app-degradacao-57f8dfd878-gdvk5,tcc-degradacao,0.000508592607041846,0.0508592607041846,29437952.0,22589440.0,,,,,28.07421875,21.54296875,,
2025-10-04 20:20:16.541,unknown,app-degradacao-57f8dfd878-gdvk5,tcc-degradacao,0.0,0.0,155648.0,155648.0,235.168597289312,201.70707686535667,2.6262721005487033,1.8759086432490737,0.1484375,0.1484375,0.22965683329034375,0.19697956725132487
2025-10-04 20:20:31.541,app,app-degradacao-57f8dfd878-gdvk5,tcc-degradacao,0.0005389994620763966,0.05389994620763967,29437952.0,22589440.0,,,,,28.07421875,21.54296875,,
2025-10-04 20:20:31.541,unknown,app-degradacao-57f8dfd878-gdvk5,tcc-degradacao,0.0,0.0,155648.0,155648.0,227.58526788753488,195.20275943449747,2.5415844055642545,1.815417432545896,0.1484375,0.1484375,0.22225123817142078,0.19062769476025143
2025-10-04 20:20:46.541,unknown,app-degradacao-57f8dfd878-gdvk5,tcc-degradacao,0.0,0.0,155648.0,155648.0,226.59696911567235,193.84231728371378,2.517744101285248,1.7983886437751775,0.1484375,0.1484375,0.22128610265202378,0.18929913797237674
2025-10-04 20:20:46.541,app,app-degradacao-57f8dfd878-gdvk5,tcc-degradacao,0.0005333130975868897,0.05333130975868897,29437952.0,22589440.0,,,,,28.07421875,21.54296875,,
2025-10-04 20:21:01.541,app,app-degradacao-57f8dfd878-gdvk5,tcc-degradacao,0.0005297896336978066,0.05297896336978066,29433856.0,22585344.0,,,,,28.0703125,21.5390625,,
2025-10-04 20:21:01.541,unknown,app-degradacao-57f8dfd878-gdvk5,tcc-degradacao,0.0,0.0,155648.0,155648.0,235.61384262491273,201.58073202353646,2.6179315847212528,1.8699511319437518,0.1484375,0.1484375,0.23009164318839134,0.19685618361673482
2025-10-04 20:21:16.541,app,app-degradacao-57f8dfd878-gdvk5,tcc-degradacao,0.0004759488952850363,0.04759488952850363,29437952.0,22589440.0,,,,,28.07421875,21.54296875,,
2025-10-04 20:21:16.541,unknown,app-degradacao-57f8dfd878-gdvk5,tcc-degradacao,0.0,0.0,155648.0,155648.0,226.62792685011107,195.15894718851476,2.5423004614595794,1.8159289010425568,0.1484375,0.1484375,0.2213163348145616,0.19058490936378394
2025-10-04 20:21:31.541,app,app-degradacao-57f8dfd878-gdvk5,tcc-degradacao,0.0004817924056262768,0.04817924056262768,29437952.0,22589440.0,,,,,28.07421875,21.54296875,,
2025-10-04 20:21:31.541,unknown,app-degradacao-57f8dfd878-gdvk5,tcc-degradacao,0.0,0.0,155648.0,155648.0,232.95853829936755,200.61050597329586,2.6133169360505972,1.8666549543218554,0.1484375,0.1484375,0.22749857255797612,0.19590869723954674
2025-10-04 20:21:46.541,app,app-degradacao-57f8dfd878-gdvk5,tcc-degradacao,0.0004951765843223687,0.049517658432236863,29437952.0,22589440.0,,,,,28.07421875,21.54296875,,
2025-10-04 20:21:46.541,unknown,app-degradacao-57f8dfd878-gdvk5,tcc-degradacao,0.0,0.0,155648.0,155648.0,241.0306514280521,207.5390243348254,2.703869487173661,1.9313353479811866,0.1484375,0.1484375,0.23538149553520712,0.20267482845197793
2025-10-04 20:22:01.541,unknown,app-degradacao-57f8dfd878-gdvk5,tcc-degradacao,0.0,0.0,155648.0,155648.0,224.20260422888543,194.76765022100108,2.4847688448214074,1.8157926173694898,0.1484375,0.1484375,0.21894785569227093,0.19020278341894636
2025-10-04 20:22:01.541,app,app-degradacao-57f8dfd878-gdvk5,tcc-degradacao,0.0005328893393175897,0.05328893393175897,29437952.0,22589440.0,,,,,28.07421875,21.54296875,,
2025-10-04 20:22:16.541,app,app-degradacao-57f8dfd878-gdvk5,tcc-degradacao,0.00032867841438385107,0.03286784143838511,29437952.0,22589440.0,,,,,28.07421875,21.54296875,,
2025-10-04 20:22:16.541,unknown,app-degradacao-57f8dfd878-gdvk5,tcc-degradacao,0.0,0.0,155648.0,155648.0,238.31775700934583,207.0550589191386,2.6412027631044293,1.9301097114993908,0.1484375,0.1484375,0.23273218457943928,0.20220220597572128
2025-10-04 20:22:31.541,unknown,app-degradacao-57f8dfd878-gdvk5,tcc-degradacao,0.0,0.0,155648.0,155648.0,212.30452410064999,187.54960636677606,2.3596542034021923,1.7590149516270888,0.1484375,0.1484375,0.207328636817041,0.18315391246755475
2025-10-04 20:22:31.541,app,app-degradacao-57f8dfd878-gdvk5,tcc-degradacao,0.0004987056923905015,0.04987056923905015,29437952.0,22589440.0,,,,,28.07421875,21.54296875,,
2025-10-04 20:22:46.541,app,app-degradacao-57f8dfd878-gdvk5,tcc-degradacao,0.0004681868855781731,0.04681868855781731,29437952.0,22589440.0,,,,,28.07421875,21.54296875,,
2025-10-04 20:22:46.541,unknown,app-degradacao-57f8dfd878-gdvk5,tcc-degradacao,0.0,0.0,155648.0,155648.0,224.2544010001815,196.10413179810854,2.5206186606440686,1.835010384948882,0.1484375,0.1484375,0.21899843847673975,0.19150794120909037
2025-10-04 20:23:01.541,unknown,app-degradacao-57f8dfd878-gdvk5,tcc-degradacao,0.0,0.0,155648.0,155648.0,229.1601132431582,198.73475236797034,2.5514662192862883,1.8524343783859352,0.1484375,0.1484375,0.2237891730890217,0.19407690660934604
2025-10-04 20:23:01.541,app,app-degradacao-57f8dfd878-gdvk5,tcc-degradacao,0.0004835607500496095,0.048356075004960954,29437952.0,22589440.0,,,,,28.07421875,21.54296875,,
2025-10-04 20:23:16.541,app,app-degradacao-57f8dfd878-gdvk5,tcc-degradacao,0.0005284036580282883,0.05284036580282883,29437952.0,22589440.0,,,,,28.07421875,21.54296875,,
2025-10-04 20:23:16.541,unknown,app-degradacao-57f8dfd878-gdvk5,tcc-degradacao,0.0,0.0,155648.0,155648.0,245.19343037284966,209.82849433071272,2.7243714485872186,1.9459796061337273,0.1484375,0.1484375,0.239446709348486,0.20491063899483664
2025-10-04 20:23:31.541,unknown,app-degradacao-57f8dfd878-gdvk5,tcc-degradacao,0.0,0.0,155648.0,155648.0,251.02935316775137,214.79612166290343,2.789215035197237,1.9922964537123122,0.1484375,0.1484375,0.2451458527028822,0.20976183756142913
2025-10-04 20:23:31.541,app,app-degradacao-57f8dfd878-gdvk5,tcc-degradacao,0.0005036216727945414,0.05036216727945414,29437952.0,22589440.0,,,,,28.07421875,21.54296875,,
2025-10-04 20:23:46.541,app,app-degradacao-57f8dfd878-gdvk5,tcc-degradacao,0.0004903860523038511,0.04903860523038511,29437952.0,22589440.0,,,,,28.07421875,21.54296875,,
2025-10-04 20:23:46.541,unknown,app-degradacao-57f8dfd878-gdvk5,tcc-degradacao,0.0,0.0,155648.0,155648.0,209.10283315844703,184.39139559286465,2.36096537250787,1.7313746065057714,0.1484375,0.1484375,0.20420198550629592,0.1800697222586569
2025-10-04 20:24:01.541,unknown,app-degradacao-57f8dfd878-gdvk5,tcc-degradacao,0.0,0.0,155648.0,155648.0,216.37378879947448,194.2300322986807,2.436086932720206,1.8339081403624022,0.1484375,0.1484375,0.2113025281244868,0.18967776591668037
2025-10-04 20:24:01.541,app,app-degradacao-57f8dfd878-gdvk5,tcc-degradacao,0.000507206436152006,0.050720643615200595,29437952.0,22589440.0,,,,,28.07421875,21.54296875,,
2025-10-04 20:24:16.541,app,app-degradacao-57f8dfd878-gdvk5,tcc-degradacao,0.0005675709230864672,0.056757092308646714,29437952.0,22589440.0,,,,,28.07421875,21.54296875,,
2025-10-04 20:24:16.541,unknown,app-degradacao-57f8dfd878-gdvk5,tcc-degradacao,0.0,0.0,155648.0,155648.0,215.02021715482033,190.20545555304696,2.4014285421070998,1.7856776338745102,0.1484375,0.1484375,0.20998068081525423,0.18574751518852242
2025-10-04 20:24:31.541,app,app-degradacao-57f8dfd878-gdvk5,tcc-degradacao,0.0005495913468022917,0.05495913468022917,29433856.0,22585344.0,,,,,28.0703125,21.5390625,,
2025-10-04 20:24:31.541,unknown,app-degradacao-57f8dfd878-gdvk5,tcc-degradacao,0.0,0.0,155648.0,155648.0,241.78715077725838,211.4360256549625,2.7176867050766385,1.9784759212957927,0.1484375,0.1484375,0.23612026443091638,0.2064804938036743
2025-10-04 20:24:46.541,app,app-degradacao-57f8dfd878-gdvk5,tcc-degradacao,0.000540833070369209,0.05408330703692091,29437952.0,22589440.0,,,,,28.07421875,21.54296875,,
2025-10-04 20:24:46.541,unknown,app-degradacao-57f8dfd878-gdvk5,tcc-degradacao,0.0,0.0,155648.0,155648.0,219.44933920704847,191.1013215859031,2.444933920704846,1.7841409691629957,0.1484375,0.1484375,0.21430599531938327,0.1866223843612335
2025-10-04 20:25:01.541,app,app-degradacao-57f8dfd878-gdvk5,tcc-degradacao,0.00040380032581961657,0.040380032581961656,29437952.0,22589440.0,,,,,28.07421875,21.54296875,,
2025-10-04 20:25:01.541,unknown,app-degradacao-57f8dfd878-gdvk5,tcc-degradacao,0.0,0.0,155648.0,155648.0,229.96753448168903,201.1001054612378,2.5848342604272214,1.881759341591017,0.1484375,0.1484375,0.22457767039227444,0.19638682173949004
2025-10-04 20:25:16.541,unknown,app-degradacao-57f8dfd878-gdvk5,tcc-degradacao,0.0,0.0,155648.0,155648.0,218.2247246832823,190.46534735447545,2.442659600894262,1.7802434379398857,0.1484375,0.1484375,0.21311008269851786,0.18600131577585494
2025-10-04 20:25:16.541,app,app-degradacao-57f8dfd878-gdvk5,tcc-degradacao,0.0004996481651278263,0.04996481651278263,29437952.0,22589440.0,,,,,28.07421875,21.54296875,,
2025-10-04 20:25:31.541,unknown,app-degradacao-57f8dfd878-gdvk5,tcc-degradacao,0.0,0.0,155648.0,155648.0,223.47686862728577,192.44543692592904,2.5069520519086543,1.7906800370776104,0.1484375,0.1484375,0.21823912951883376,0.18793499699797758
2025-10-04 20:25:31.541,app,app-degradacao-57f8dfd878-gdvk5,tcc-degradacao,0.0004883795089193507,0.04883795089193507,29433856.0,22585344.0,,,,,28.0703125,21.5390625,,
2025-10-04 20:25:46.541,unknown,app-degradacao-57f8dfd878-gdvk5,tcc-degradacao,0.0,0.0,155648.0,155648.0,240.49338269887699,200.38046924540265,2.638738314889439,1.8818908912389796,0.1484375,0.1484375,0.23485681904187206,0.19568405199746353
2025-10-04 20:25:46.541,app,app-degradacao-57f8dfd878-gdvk5,tcc-degradacao,0.0005090068414335591,0.05090068414335591,29433856.0,22585344.0,,,,,28.0703125,21.5390625,,
2025-10-04 20:26:01.541,unknown,app-degradacao-57f8dfd878-gdvk5,tcc-degradacao,0.0,0.0,155648.0,155648.0,249.16201117318434,204.09683426443203,2.700186219739292,1.9242706393544382,0.1484375,0.1484375,0.24332227653631283,0.1993133147113594
2025-10-04 20:26:01.541,app,app-degradacao-57f8dfd878-gdvk5,tcc-degradacao,0.0005124805614259003,0.05124805614259003,29433856.0,22585344.0,,,,,28.0703125,21.5390625,,
2025-10-04 20:26:16.541,app,app-degradacao-57f8dfd878-gdvk5,tcc-degradacao,0.0005366672190918312,0.05366672190918312,29466624.0,22618112.0,,,,,28.1015625,21.5703125,,
2025-10-04 20:26:16.541,unknown,app-degradacao-57f8dfd878-gdvk5,tcc-degradacao,0.0,0.0,155648.0,155648.0,248.0481019474109,210.41610577642166,2.7221873223847557,1.9444195159891111,0.1484375,0.1484375,0.24223447455801847,0.20548447829728678
2025-10-04 20:26:31.541,unknown,app-degradacao-57f8dfd878-gdvk5,tcc-degradacao,0.0,0.0,155648.0,155648.0,212.6843903658638,193.43278606550547,2.4168680723393616,1.7779259382726338,0.1484375,0.1484375,0.20769959996666387,0.18889920514209518
2025-10-04 20:26:31.541,app,app-degradacao-57f8dfd878-gdvk5,tcc-degradacao,0.0005321256038647652,0.05321256038647652,29466624.0,22618112.0,,,,,28.1015625,21.5703125,,
2025-10-04 20:26:46.541,unknown,app-degradacao-57f8dfd878-gdvk5,tcc-degradacao,0.0,0.0,155648.0,155648.0,226.2862587338556,199.9258945585433,2.5672242218928645,1.8791022655092102,0.1484375,0.1484375,0.22098267454478085,0.19524013140482743
2025-10-04 20:26:46.541,app,app-degradacao-57f8dfd878-gdvk5,tcc-degradacao,0.0005194732574719725,0.051947325747197244,29433856.0,22585344.0,,,,,28.0703125,21.5390625,,
2025-10-04 20:27:01.541,app,app-degradacao-57f8dfd878-gdvk5,tcc-degradacao,0.00045802119006847227,0.045802119006847226,29437952.0,22589440.0,,,,,28.07421875,21.54296875,,
2025-10-04 20:27:01.541,unknown,app-degradacao-57f8dfd878-gdvk5,tcc-degradacao,0.0,0.0,155648.0,155648.0,220.62707753121913,193.53157847453062,2.4975294223340225,1.8147515946455846,0.1484375,0.1484375,0.21545613040158118,0.1889956821040338
2025-10-04 20:27:16.541,unknown,app-degradacao-57f8dfd878-gdvk5,tcc-degradacao,0.0,0.0,155648.0,155648.0,223.19599362622353,193.0912815843387,2.522953183094317,1.8021094164959404,0.1484375,0.1484375,0.2179648375256089,0.18856570467220576
2025-10-04 20:27:16.541,app,app-degradacao-57f8dfd878-gdvk5,tcc-degradacao,0.0005044095571678569,0.050440955716785696,29433856.0,22585344.0,,,,,28.0703125,21.5390625,,
2025-10-04 20:27:31.541,unknown,app-degradacao-57f8dfd878-gdvk5,tcc-degradacao,0.0,0.0,155648.0,155648.0,218.93439013650377,188.90356671070015,2.4658740642888595,1.7613386173491854,0.1484375,0.1484375,0.21380311536767946,0.1844761393659181
2025-10-04 20:27:31.541,app,app-degradacao-57f8dfd878-gdvk5,tcc-degradacao,0.0004955154539392956,0.049551545393929565,29437952.0,22589440.0,,,,,28.07421875,21.54296875,,
2025-10-04 20:27:46.541,unknown,app-degradacao-57f8dfd878-gdvk5,tcc-degradacao,0.0,0.0,155648.0,155648.0,241.2639297040938,204.71936919898747,2.647734877360412,1.89123919811458,0.1484375,0.1484375,0.2356093063516541,0.1999212589833862
2025-10-04 20:27:46.541,app,app-degradacao-57f8dfd878-gdvk5,tcc-degradacao,0.0005072810808706104,0.05072810808706104,29437952.0,22589440.0,,,,,28.07421875,21.54296875,,
2025-10-04 20:28:01.541,unknown,app-degradacao-57f8dfd878-gdvk5,tcc-degradacao,0.0,0.0,155648.0,155648.0,233.73646352067033,199.2200880035834,2.58214106921719,1.8443864780122787,0.1484375,0.1484375,0.22825826515690462,0.19455086719099943
2025-10-04 20:28:01.541,app,app-degradacao-57f8dfd878-gdvk5,tcc-degradacao,0.000485236887451841,0.048523688745184104,29437952.0,22589440.0,,,,,28.07421875,21.54296875,,
2025-10-04 20:28:16.541,app,app-degradacao-57f8dfd878-gdvk5,tcc-degradacao,0.0004861659266567834,0.04861659266567834,29433856.0,22585344.0,,,,,28.0703125,21.5390625,,
2025-10-04 20:28:16.541,unknown,app-degradacao-57f8dfd878-gdvk5,tcc-degradacao,0.0,0.0,155648.0,155648.0,222.21649085703967,193.0982900471978,2.527532045495577,1.8053800324968405,0.1484375,0.1484375,0.2170082918525778,0.1885725488742166
2025-10-04 20:28:31.541,unknown,app-degradacao-57f8dfd878-gdvk5,tcc-degradacao,0.0,0.0,155648.0,155648.0,233.73519018914988,196.96182359869744,2.5982124298482643,1.8533915332917619,0.1484375,0.1484375,0.22825702166909168,0.19234553085810296
2025-10-04 20:28:31.541,app,app-degradacao-57f8dfd878-gdvk5,tcc-degradacao,0.0005099136099702758,0.05099136099702758,29433856.0,22585344.0,,,,,28.0703125,21.5390625,,
2025-10-04 20:28:46.541,unknown,app-degradacao-57f8dfd878-gdvk5,tcc-degradacao,0.0,0.0,155648.0,155648.0,227.6923076923077,197.07789066279634,2.573778422835027,1.8384131591678763,0.1484375,0.1484375,0.22235576923076925,0.19245887760038705
2025-10-04 20:28:46.541,app,app-degradacao-57f8dfd878-gdvk5,tcc-degradacao,0.0005185694635488277,0.05185694635488276,29462528.0,22614016.0,,,,,28.09765625,21.56640625,,
2025-10-04 20:29:01.541,unknown,app-degradacao-57f8dfd878-gdvk5,tcc-degradacao,0.0,0.0,155648.0,155648.0,228.88706684503518,197.10438872826134,2.567643378069305,1.8340309843352178,0.1484375,0.1484375,0.22352252621585467,0.19248475461744272
2025-10-04 20:29:01.541,app,app-degradacao-57f8dfd878-gdvk5,tcc-degradacao,0.0005049753192823204,0.05049753192823204,29446144.0,22597632.0,,,,,28.08203125,21.55078125,,
2025-10-04 20:29:16.541,unknown,app-degradacao-57f8dfd878-gdvk5,tcc-degradacao,0.0,0.0,155648.0,155648.0,217.2742843161243,194.39686811842427,2.4957181306581844,1.7861512111573281,0.1484375,0.1484375,0.21218191827746513,0.1898406915218987
2025-10-04 20:29:16.541,app,app-degradacao-57f8dfd878-gdvk5,tcc-degradacao,0.0005012112330651797,0.05012112330651797,29446144.0,22597632.0,,,,,28.08203125,21.55078125,,
2025-10-04 20:29:31.541,app,app-degradacao-57f8dfd878-gdvk5,tcc-degradacao,0.000482317109231769,0.0482317109231769,29433856.0,22585344.0,,,,,28.0703125,21.5390625,,
2025-10-04 20:29:31.541,unknown,app-degradacao-57f8dfd878-gdvk5,tcc-degradacao,0.0,0.0,155648.0,155648.0,227.00752341470906,193.35687599160653,2.5078049030144838,1.7912892164389171,0.1484375,0.1484375,0.2216870345846768,0.18882507421055325
2025-10-04 20:29:46.541,app,app-degradacao-57f8dfd878-gdvk5,tcc-degradacao,0.000525079461836524,0.0525079461836524,29466624.0,22618112.0,,,,,28.1015625,21.5703125,,
2025-10-04 20:29:46.541,unknown,app-degradacao-57f8dfd878-gdvk5,tcc-degradacao,0.0,0.0,155648.0,155648.0,235.0032805323835,201.6355797169369,2.62442590683288,1.8745899334520573,0.1484375,0.1484375,0.22949539114490577,0.19690974581732118
2025-10-04 20:30:01.541,app,app-degradacao-57f8dfd878-gdvk5,tcc-degradacao,0.0004894708766225402,0.048947087662254016,29437952.0,22589440.0,,,,,28.07421875,21.54296875,,
2025-10-04 20:30:01.541,unknown,app-degradacao-57f8dfd878-gdvk5,tcc-degradacao,0.0,0.0,155648.0,155648.0,230.990331852626,198.82849925964632,2.591237697064715,1.8508840693319393,0.1484375,0.1484375,0.2255764959498301,0.19416845630824836
2025-10-04 20:30:16.541,unknown,app-degradacao-57f8dfd878-gdvk5,tcc-degradacao,0.0,0.0,155648.0,155648.0,238.93635198633064,206.30072618539086,2.6911576249466043,1.9222554463904316,0.1484375,0.1484375,0.233336281236651,0.20146555291542076
2025-10-04 20:30:16.541,app,app-degradacao-57f8dfd878-gdvk5,tcc-degradacao,0.0004932049508140805,0.049320495081408046,29437952.0,22589440.0,,,,,28.07421875,21.54296875,,
2025-10-04 20:30:31.541,unknown,app-degradacao-57f8dfd878-gdvk5,tcc-degradacao,0.0,0.0,155648.0,155648.0,228.0750790135667,196.36215088903703,2.5585345402162933,1.8275246715830664,0.1484375,0.1484375,0.22272956934918622,0.19175991297757522
2025-10-04 20:30:31.541,app,app-degradacao-57f8dfd878-gdvk5,tcc-degradacao,0.00047146582712686945,0.047146582712686944,29433856.0,22585344.0,,,,,28.0703125,21.5390625,,
2025-10-04 20:30:46.541,unknown,app-degradacao-57f8dfd878-gdvk5,tcc-degradacao,0.0,0.0,155648.0,155648.0,227.25086571758365,194.37764524817234,2.525009619084263,1.8035782993459022,0.1484375,0.1484375,0.22192467355232778,0.1898219191876683
2025-10-04 20:30:46.541,app,app-degradacao-57f8dfd878-gdvk5,tcc-degradacao,0.0005416240795978469,0.054162407959784685,29265920.0,22597632.0,,,,,27.91015625,21.55078125,,
2025-10-04 20:31:01.541,unknown,app-degradacao-57f8dfd878-gdvk5,tcc-degradacao,0.0,0.0,155648.0,155648.0,228.58099925275067,194.8259424360329,2.5251874565178185,1.803705326084156,0.1484375,0.1484375,0.22322363208276433,0.19025970941018838
2025-10-04 20:31:01.541,app,app-degradacao-57f8dfd878-gdvk5,tcc-degradacao,0.0005016962009313137,0.050169620093131376,29175808.0,22601728.0,,,,,27.82421875,21.5546875,,
2025-10-04 20:31:16.541,unknown,app-degradacao-57f8dfd878-gdvk5,tcc-degradacao,0.0,0.0,155648.0,155648.0,208.88452342025667,180.96208343551595,2.3011696503991934,1.6843612904983787,0.1484375,0.1484375,0.2039887924025944,0.17672078460499605
2025-10-04 20:31:16.541,app,app-degradacao-57f8dfd878-gdvk5,tcc-degradacao,0.0005179245908157209,0.05179245908157209,29175808.0,22601728.0,,,,,27.82421875,21.5546875,,
2025-10-04 20:31:31.541,app,app-degradacao-57f8dfd878-gdvk5,tcc-degradacao,0.000481979368962635,0.048197936896263505,29175808.0,22601728.0,,,,,27.82421875,21.5546875,,
2025-10-04 20:31:31.541,unknown,app-degradacao-57f8dfd878-gdvk5,tcc-degradacao,0.0,0.0,155648.0,155648.0,226.6169458368994,198.19048783469862,2.547173656111179,1.8543424216489384,0.1484375,0.1484375,0.22130561116884706,0.19354539827607287
2025-10-04 20:31:46.541,app,app-degradacao-57f8dfd878-gdvk5,tcc-degradacao,0.0005117443395521523,0.05117443395521523,29171712.0,22597632.0,,,,,27.8203125,21.55078125,,
2025-10-04 20:31:46.541,unknown,app-degradacao-57f8dfd878-gdvk5,tcc-degradacao,0.0,0.0,155648.0,155648.0,222.82660741989235,197.56373178065923,2.5090498170883526,1.8578460477677117,0.1484375,0.1484375,0.21760410880848863,0.19293333181705002
2025-10-04 20:32:01.541,app,app-degradacao-57f8dfd878-gdvk5,tcc-degradacao,0.0005171761143181653,0.05171761143181653,29175808.0,22601728.0,,,,,27.82421875,21.5546875,,
2025-10-04 20:32:01.541,unknown,app-degradacao-57f8dfd878-gdvk5,tcc-degradacao,0.0,0.0,155648.0,155648.0,219.11373461922182,191.19970069837046,2.4526105753242433,1.787495843032923,0.1484375,0.1484375,0.2139782564640838,0.1867184577132524
2025-10-04 20:32:16.541,app,app-degradacao-57f8dfd878-gdvk5,tcc-degradacao,0.0004993852638974205,0.04993852638974205,29175808.0,22601728.0,,,,,27.82421875,21.5546875,,
2025-10-04 20:32:16.541,unknown,app-degradacao-57f8dfd878-gdvk5,tcc-degradacao,0.0,0.0,155648.0,155648.0,237.0932037352739,209.07864939823412,2.6207984529655732,1.959237678430574,0.1484375,0.1484375,0.23153633177272842,0.204178368552963
2025-10-04 20:32:31.541,unknown,app-degradacao-57f8dfd878-gdvk5,tcc-degradacao,0.0,0.0,155648.0,155648.0,224.00653893309615,197.4902036204534,2.4761401062576627,1.851095030891651,0.1484375,0.1484375,0.2187563856768517,0.19286152697309902
2025-10-04 20:32:31.541,app,app-degradacao-57f8dfd878-gdvk5,tcc-degradacao,0.0005494471878687114,0.054944718786871134,29171712.0,22597632.0,,,,,27.8203125,21.55078125,,
2025-10-04 20:32:46.541,app,app-degradacao-57f8dfd878-gdvk5,tcc-degradacao,0.0005454200596833552,0.05454200596833552,29171712.0,22597632.0,,,,,27.8203125,21.55078125,,
2025-10-04 20:32:46.541,unknown,app-degradacao-57f8dfd878-gdvk5,tcc-degradacao,0.0,0.0,155648.0,155648.0,221.9190347268115,198.8957342940587,2.4728730094438167,1.87597262785393,0.1484375,0.1484375,0.21671780735040186,0.1942341155215417
2025-10-04 20:33:01.541,app,app-degradacao-57f8dfd878-gdvk5,tcc-degradacao,0.0005276845849204404,0.052768458492044035,29175808.0,22601728.0,,,,,27.82421875,21.5546875,,
2025-10-04 20:33:01.541,unknown,app-degradacao-57f8dfd878-gdvk5,tcc-degradacao,0.0,0.0,155648.0,155648.0,220.54437869822485,194.41420118343194,2.437869822485207,1.8224852071005917,0.1484375,0.1484375,0.2153753698224852,0.18985761834319526
2025-10-04 20:33:16.541,app,app-degradacao-57f8dfd878-gdvk5,tcc-degradacao,0.0005027042487909246,0.05027042487909246,29175808.0,22601728.0,,,,,27.82421875,21.5546875,,
2025-10-04 20:33:16.541,unknown,app-degradacao-57f8dfd878-gdvk5,tcc-degradacao,0.0,0.0,155648.0,155648.0,238.1673180760454,207.78076497300225,2.665883469263267,1.9429320199715334,0.1484375,0.1484375,0.2325852715586381,0.2029109032939475
2025-10-04 20:33:31.541,app,app-degradacao-57f8dfd878-gdvk5,tcc-degradacao,0.0005356887937187792,0.05356887937187792,29175808.0,22601728.0,,,,,27.82421875,21.5546875,,
2025-10-04 20:33:31.541,unknown,app-degradacao-57f8dfd878-gdvk5,tcc-degradacao,0.0,0.0,155648.0,155648.0,231.9194194194194,202.72355689022353,2.6067734401067733,1.897731064397731,0.1484375,0.1484375,0.22648380802677676,0.19797222352560892
2025-10-04 20:33:46.541,app,app-degradacao-57f8dfd878-gdvk5,tcc-degradacao,0.00054322072760624,0.054322072760624,29171712.0,22597632.0,,,,,27.8203125,21.55078125,,
2025-10-04 20:33:46.541,unknown,app-degradacao-57f8dfd878-gdvk5,tcc-degradacao,0.0,0.0,155648.0,155648.0,224.8260373329406,199.47719156142998,2.5404072015021533,1.877692279371157,0.1484375,0.1484375,0.2195566770829498,0.19480194488420896
2025-10-04 20:34:01.541,unknown,app-degradacao-57f8dfd878-gdvk5,tcc-degradacao,0.0,0.0,155648.0,155648.0,224.80667730452927,201.56703899185794,2.5162636553332516,1.902540812569044,0.1484375,0.1484375,0.21953777080520437,0.19684281151548627
2025-10-04 20:34:01.541,app,app-degradacao-57f8dfd878-gdvk5,tcc-degradacao,0.0005699438584222123,0.056994385842221225,29175808.0,22601728.0,,,,,27.82421875,21.5546875,,
2025-10-04 20:34:16.541,app,app-degradacao-57f8dfd878-gdvk5,tcc-degradacao,0.00045244683787222913,0.04524468378722291,29175808.0,22601728.0,,,,,27.82421875,21.5546875,,
2025-10-04 20:34:16.541,unknown,app-degradacao-57f8dfd878-gdvk5,tcc-degradacao,0.0,0.0,155648.0,155648.0,223.9096479634747,197.45284152348913,2.475069085666226,1.8502943650126156,0.1484375,0.1484375,0.21866176558933076,0.19282504055028235
2025-10-04 20:34:31.541,unknown,app-degradacao-57f8dfd878-gdvk5,tcc-degradacao,0.0,0.0,155648.0,155648.0,235.35253227408145,202.68536908308508,2.5860642171466406,1.8826547500827542,0.1484375,0.1484375,0.22983645729890767,0.19793493074520027
2025-10-04 20:34:31.541,app,app-degradacao-57f8dfd878-gdvk5,tcc-degradacao,0.0005611603589757389,0.05611603589757389,29175808.0,22601728.0,,,,,27.82421875,21.5546875,,
2025-10-04 20:34:46.541,unknown,app-degradacao-57f8dfd878-gdvk5,tcc-degradacao,0.0,0.0,155648.0,155648.0,192.5797445791988,163.43266553350483,2.113453540365062,1.5096096716893297,0.1484375,0.1484375,0.18806615681562383,0.1596022124350633
2025-10-04 20:34:46.541,app,app-degradacao-57f8dfd878-gdvk5,tcc-degradacao,0.0005201014737859135,0.05201014737859135,29171712.0,22597632.0,,,,,27.8203125,21.55078125,,
2025-10-04 20:35:01.541,app,app-degradacao-57f8dfd878-gdvk5,tcc-degradacao,0.0005172380398992443,0.05172380398992443,29171712.0,22597632.0,,,,,27.8203125,21.55078125,,
2025-10-04 20:35:01.541,unknown,app-degradacao-57f8dfd878-gdvk5,tcc-degradacao,0.0,0.0,155648.0,155648.0,206.46255904417893,176.6401894044642,2.2940284338242103,1.6385917384458646,0.1484375,0.1484375,0.201623592816581,0.17250018496529707
2025-10-04 20:35:16.541,app,app-degradacao-57f8dfd878-gdvk5,tcc-degradacao,0.0005283140507387912,0.05283140507387912,29171712.0,22597632.0,,,,,27.8203125,21.55078125,,
2025-10-04 20:35:16.541,unknown,app-degradacao-57f8dfd878-gdvk5,tcc-degradacao,0.0,0.0,155648.0,155648.0,236.661396512259,203.15265356207374,2.642943105930103,1.8878165042357882,0.1484375,0.1484375,0.23111464503150292,0.19839126324421263
2025-10-04 20:35:31.541,unknown,app-degradacao-57f8dfd878-gdvk5,tcc-degradacao,0.0,0.0,155648.0,155648.0,220.80113686828315,190.63267904195163,2.4868993693933743,1.7763566924238388,0.1484375,0.1484375,0.21562611022293277,0.1861647256269059
2025-10-04 20:35:31.541,app,app-degradacao-57f8dfd878-gdvk5,tcc-degradacao,0.00045183775383248273,0.045183775383248276,29171712.0,22597632.0,,,,,27.8203125,21.55078125,,
2025-10-04 20:35:46.541,app,app-degradacao-57f8dfd878-gdvk5,tcc-degradacao,0.0005616137451065858,0.05616137451065858,29171712.0,22597632.0,,,,,27.8203125,21.55078125,,
2025-10-04 20:35:46.541,unknown,app-degradacao-57f8dfd878-gdvk5,tcc-degradacao,0.0,0.0,155648.0,155648.0,231.8308983525023,200.16578592891926,2.6111283804787067,1.8650917003419332,0.1484375,0.1484375,0.22639736167236552,0.19547440032121022
2025-10-04 20:36:01.541,unknown,app-degradacao-57f8dfd878-gdvk5,tcc-degradacao,0.0,0.0,155648.0,155648.0,217.90027269185822,188.1184261784184,2.454226723802104,1.753019088430074,0.1484375,0.1484375,0.2127932350506428,0.1837094005648617
2025-10-04 20:36:01.541,app,app-degradacao-57f8dfd878-gdvk5,tcc-degradacao,0.000556624952235362,0.055662495223536196,29171712.0,22597632.0,,,,,27.8203125,21.55078125,,
2025-10-04 20:36:16.541,unknown,app-degradacao-57f8dfd878-gdvk5,tcc-degradacao,0.0,0.0,155648.0,155648.0,240.75166810403522,207.2307203485997,2.700739866551677,1.9290999046797694,0.1484375,0.1484375,0.2351090508828469,0.2023737503404294
2025-10-04 20:36:16.541,app,app-degradacao-57f8dfd878-gdvk5,tcc-degradacao,0.0005201934349355286,0.05201934349355286,29175808.0,22601728.0,,,,,27.82421875,21.5546875,,
2025-10-04 20:36:31.541,app,app-degradacao-57f8dfd878-gdvk5,tcc-degradacao,0.0005319700525198152,0.05319700525198152,29171712.0,22597632.0,,,,,27.8203125,21.55078125,,
2025-10-04 20:36:31.541,unknown,app-degradacao-57f8dfd878-gdvk5,tcc-degradacao,0.0,0.0,155648.0,155648.0,224.69505670875242,192.1677723090092,2.49661174120836,1.7832941008631142,0.1484375,0.1484375,0.21942876631714103,0.1876638401455168
2025-10-04 20:36:46.541,app,app-degradacao-57f8dfd878-gdvk5,tcc-degradacao,0.0005208170934020862,0.05208170934020862,29171712.0,22597632.0,,,,,27.8203125,21.55078125,,
2025-10-04 20:36:46.541,unknown,app-degradacao-57f8dfd878-gdvk5,tcc-degradacao,0.0,0.0,155648.0,155648.0,242.2229736257366,207.87846584871025,2.705052651917689,1.932180465655492,0.1484375,0.1484375,0.2365458726813834,0.2030063143053811
2025-10-04 20:37:01.541,app,app-degradacao-57f8dfd878-gdvk5,tcc-degradacao,0.0005265110687339452,0.05265110687339452,29175808.0,22601728.0,,,,,27.82421875,21.5546875,,
2025-10-04 20:37:01.541,unknown,app-degradacao-57f8dfd878-gdvk5,tcc-degradacao,0.0,0.0,155648.0,155648.0,216.0305014647596,185.4859555402378,2.4125452352231607,1.7232465965879717,0.1484375,0.1484375,0.2109672865866793,0.18113862845726347
2025-10-04 20:37:16.541,app,app-degradacao-57f8dfd878-gdvk5,tcc-degradacao,0.0005212909799925626,0.05212909799925626,29175808.0,22601728.0,,,,,27.82421875,21.5546875,,
2025-10-04 20:37:16.541,unknown,app-degradacao-57f8dfd878-gdvk5,tcc-degradacao,0.0,0.0,155648.0,155648.0,225.80384716307046,194.94176775730173,2.5432452616918635,1.8166037583513313,0.1484375,0.1484375,0.220511569495186,0.19037282007548997
2025-10-04 20:37:31.541,app,app-degradacao-57f8dfd878-gdvk5,tcc-degradacao,0.0005295176552042635,0.05295176552042635,29175808.0,22601728.0,,,,,27.82421875,21.5546875,,
2025-10-04 20:37:31.541,unknown,app-degradacao-57f8dfd878-gdvk5,tcc-degradacao,0.0,0.0,155648.0,155648.0,226.59425241880373,193.84598784303853,2.517713915764486,1.7983670826889187,0.1484375,0.1484375,0.22128344962773802,0.1893027225029673
2025-10-04 20:37:46.541,app,app-degradacao-57f8dfd878-gdvk5,tcc-degradacao,0.00045235105371536894,0.045235105371536896,29171712.0,22597632.0,,,,,27.8203125,21.55078125,,
2025-10-04 20:37:46.541,unknown,app-degradacao-57f8dfd878-gdvk5,tcc-degradacao,0.0,0.0,155648.0,155648.0,238.88369271215151,204.3277130362244,2.654263252357239,1.8959023231123135,0.1484375,0.1484375,0.23328485616421046,0.19953878226193789
2025-10-04 20:38:01.541,unknown,app-degradacao-57f8dfd878-gdvk5,tcc-degradacao,0.0,0.0,155648.0,155648.0,231.48374021879863,193.67247752903864,2.55202567037586,1.820194779606312,0.1484375,0.1484375,0.22605834005742054,0.1891332788369518
2025-10-04 20:38:01.541,app,app-degradacao-57f8dfd878-gdvk5,tcc-degradacao,0.0005352923716236303,0.05352923716236303,29204480.0,22630400.0,,,,,27.8515625,21.58203125,,
2025-10-04 20:38:16.541,app,app-degradacao-57f8dfd878-gdvk5,tcc-degradacao,0.0005361040544660172,0.05361040544660172,29175808.0,22601728.0,,,,,27.82421875,21.5546875,,
2025-10-04 20:38:16.541,unknown,app-degradacao-57f8dfd878-gdvk5,tcc-degradacao,0.0,0.0,155648.0,155648.0,225.58314009002865,186.0592006547538,2.4894284545082526,1.773291501841495,0.1484375,0.1484375,0.2202960352441686,0.181698438139408
2025-10-04 20:38:31.541,app,app-degradacao-57f8dfd878-gdvk5,tcc-degradacao,0.0005481573029850435,0.054815730298504346,29204480.0,22630400.0,,,,,27.8515625,21.58203125,,
2025-10-04 20:38:31.541,unknown,app-degradacao-57f8dfd878-gdvk5,tcc-degradacao,0.0,0.0,155648.0,155648.0,148.55478262062908,136.8355848932316,1.711374906223125,1.227725476203546,0.1484375,0.1484375,0.1450730299029581,0.1336285008722965
2025-10-04 20:38:46.541,app,app-degradacao-57f8dfd878-gdvk5,tcc-degradacao,0.000514187692087781,0.0514187692087781,29171712.0,22597632.0,,,,,27.8203125,21.55078125,,
2025-10-04 20:38:46.541,unknown,app-degradacao-57f8dfd878-gdvk5,tcc-degradacao,0.0,0.0,155648.0,155648.0,240.98677279644156,219.06824300596983,2.750790120566546,2.0191970033945923,0.1484375,0.1484375,0.23533864530902496,0.21393383106051742
2025-10-04 20:39:01.541,app,app-degradacao-57f8dfd878-gdvk5,tcc-degradacao,0.0005531206287883549,0.055312062878835486,29175808.0,22601728.0,,,,,27.82421875,21.5546875,,
2025-10-04 20:39:01.541,unknown,app-degradacao-57f8dfd878-gdvk5,tcc-degradacao,0.0,0.0,155648.0,155648.0,195.56269756734469,175.24411879237675,2.1738850329851567,1.6521526250687188,0.1484375,0.1484375,0.19097919684311004,0.17113683475818042
2025-10-04 20:39:16.541,unknown,app-degradacao-57f8dfd878-gdvk5,tcc-degradacao,0.0,0.0,155648.0,155648.0,227.04076362058638,203.63215636040582,2.541269808475032,1.9214479039689265,0.1484375,0.1484375,0.22171949572322888,0.1988595276957088
2025-10-04 20:39:16.541,app,app-degradacao-57f8dfd878-gdvk5,tcc-degradacao,0.000548620118978388,0.0548620118978388,29204480.0,22630400.0,,,,,27.8515625,21.58203125,,
2025-10-04 20:39:31.541,app,app-degradacao-57f8dfd878-gdvk5,tcc-degradacao,0.0005404452039787719,0.05404452039787719,29171712.0,22597632.0,,,,,27.8203125,21.55078125,,
2025-10-04 20:39:31.541,unknown,app-degradacao-57f8dfd878-gdvk5,tcc-degradacao,0.0,0.0,155648.0,155648.0,219.51608049984958,194.36430252933786,2.4249075172133034,1.8231056516275201,0.1484375,0.1484375,0.21437117236313435,0.1898088891888065
2025-10-04 20:39:46.541,unknown,app-degradacao-57f8dfd878-gdvk5,tcc-degradacao,0.0,0.0,155648.0,155648.0,228.31503183537882,201.69327304604596,2.537602657562056,1.8916674356371692,0.1484375,0.1484375,0.22296389827673713,0.19696608695902926
2025-10-04 20:39:46.541,app,app-degradacao-57f8dfd878-gdvk5,tcc-degradacao,0.0004059171755052041,0.04059171755052041,29171712.0,22597632.0,,,,,27.8203125,21.55078125,,
2025-10-04 20:40:01.541,app,app-degradacao-57f8dfd878-gdvk5,tcc-degradacao,0.00047424711511399116,0.04742471151139912,29175808.0,22601728.0,,,,,27.82421875,21.5546875,,
2025-10-04 20:40:01.541,unknown,app-degradacao-57f8dfd878-gdvk5,tcc-degradacao,0.0,0.0,155648.0,155648.0,224.8634141665868,195.36566663471677,2.492092399118183,1.8211444455094414,0.1484375,0.1484375,0.21959317789705743,0.1907867838229656
2025-10-04 20:40:16.541,app,app-degradacao-57f8dfd878-gdvk5,tcc-degradacao,0.0005090189177298752,0.050901891772987526,29175808.0,22601728.0,,,,,27.82421875,21.5546875,,
2025-10-04 20:40:16.541,unknown,app-degradacao-57f8dfd878-gdvk5,tcc-degradacao,0.0,0.0,155648.0,155648.0,232.36357276119404,204.9032182835821,2.623600746268657,1.923973880597015,0.1484375,0.1484375,0.22691755152460355,0.20010079910506065
2025-10-04 20:40:31.541,unknown,app-degradacao-57f8dfd878-gdvk5,tcc-degradacao,0.0,0.0,155648.0,155648.0,234.95527430834417,211.00002769392674,2.65861696529951,1.9939627239746325,0.1484375,0.1484375,0.22944851006674236,0.20605471454485033
2025-10-04 20:40:31.541,app,app-degradacao-57f8dfd878-gdvk5,tcc-degradacao,0.0004477213245811138,0.04477213245811138,29171712.0,22597632.0,,,,,27.8203125,21.55078125,,
2025-10-04 20:40:46.541,unknown,app-degradacao-57f8dfd878-gdvk5,tcc-degradacao,0.0,0.0,155648.0,155648.0,223.51031764433108,200.5371357910194,2.511786073112296,1.8935002705000386,0.1484375,0.1484375,0.21827179457454207,0.1958370466709174
2025-10-04 20:40:46.541,app,app-degradacao-57f8dfd878-gdvk5,tcc-degradacao,0.0005233783518425808,0.05233783518425808,29171712.0,22597632.0,,,,,27.8203125,21.55078125,,
2025-10-04 20:41:01.541,app,app-degradacao-57f8dfd878-gdvk5,tcc-degradacao,0.0004763688417034755,0.047636884170347546,29171712.0,22597632.0,,,,,27.8203125,21.55078125,,
2025-10-04 20:41:01.541,unknown,app-degradacao-57f8dfd878-gdvk5,tcc-degradacao,0.0,0.0,155648.0,155648.0,222.44939271255066,199.37246963562757,2.4898785425101218,1.8825910931174092,0.1484375,0.1484375,0.21723573507085026,0.19469967737854255
2025-10-04 20:41:16.541,app,app-degradacao-57f8dfd878-gdvk5,tcc-degradacao,0.00047636884170347554,0.04763688417034755,29171712.0,22597632.0,,,,,27.8203125,21.55078125,,
2025-10-04 20:41:16.541,unknown,app-degradacao-57f8dfd878-gdvk5,tcc-degradacao,0.0,0.0,155648.0,155648.0,224.05301878762086,198.25297419995542,2.5131229606209846,1.8645750998155692,0.1484375,0.1484375,0.218801776159786,0.19360642011714396
2025-10-04 20:41:31.541,app,app-degradacao-57f8dfd878-gdvk5,tcc-degradacao,0.0005505879646933607,0.05505879646933608,29171712.0,22597632.0,,,,,27.8203125,21.55078125,,
2025-10-04 20:41:31.541,unknown,app-degradacao-57f8dfd878-gdvk5,tcc-degradacao,0.0,0.0,155648.0,155648.0,236.57030925387306,208.4050572802279,2.671098711936843,1.9588057220870183,0.1484375,0.1484375,0.2310256926307354,0.20352056375022257
2025-10-04 20:41:46.541,app,app-degradacao-57f8dfd878-gdvk5,tcc-degradacao,0.000573688720912323,0.0573688720912323,29204480.0,22630400.0,,,,,27.8515625,21.58203125,,
2025-10-04 20:41:46.541,unknown,app-degradacao-57f8dfd878-gdvk5,tcc-degradacao,0.0,0.0,155648.0,155648.0,213.75129260528394,186.41902714978,2.3925870354224537,1.7437498732739916,0.1484375,0.1484375,0.2087414966848476,0.18204983120095702
2025-10-04 20:42:01.541,unknown,app-degradacao-57f8dfd878-gdvk5,tcc-degradacao,0.0,0.0,155648.0,155648.0,208.55078281814534,182.35648334002408,2.3083099156965075,1.7061421116017663,0.1484375,0.1484375,0.20366287384584505,0.17808250326174227
2025-10-04 20:42:01.541,app,app-degradacao-57f8dfd878-gdvk5,tcc-degradacao,0.0004860528446308957,0.04860528446308957,29175808.0,22601728.0,,,,,27.82421875,21.5546875,,
2025-10-04 20:42:16.541,app,app-degradacao-57f8dfd878-gdvk5,tcc-degradacao,0.0005045170382683387,0.05045170382683387,29175808.0,22601728.0,,,,,27.82421875,21.5546875,,
2025-10-04 20:42:16.541,unknown,app-degradacao-57f8dfd878-gdvk5,tcc-degradacao,0.0,0.0,155648.0,155648.0,172.52484115915075,151.6358040188026,1.8817047626426981,1.4165642595175367,0.1484375,0.1484375,0.16848129019448316,0.1480818398621119
2025-10-04 20:42:31.541,unknown,app-degradacao-57f8dfd878-gdvk5,tcc-degradacao,0.0,0.0,155648.0,155648.0,252.90562529056254,222.28420889508757,2.758406942507361,2.0765535409886877,0.1484375,0.1484375,0.24697814969781498,0.21707442274910896
2025-10-04 20:42:31.541,app,app-degradacao-57f8dfd878-gdvk5,tcc-degradacao,0.0003674900351059026,0.03674900351059026,29175808.0,22601728.0,,,,,27.82421875,21.5546875,,
2025-10-04 20:42:46.541,app,app-degradacao-57f8dfd878-gdvk5,tcc-degradacao,0.0005776690495722485,0.05776690495722485,29171712.0,22597632.0,,,,,27.8203125,21.55078125,,
2025-10-04 20:42:46.541,unknown,app-degradacao-57f8dfd878-gdvk5,tcc-degradacao,0.0,0.0,155648.0,155648.0,216.1547212741752,190.94931108582986,2.452281633169005,1.794969030463911,0.1484375,0.1484375,0.2110885949943117,0.18647393660725572
2025-10-04 20:43:01.541,app,app-degradacao-57f8dfd878-gdvk5,tcc-degradacao,0.000539762619155121,0.0539762619155121,29175808.0,22601728.0,,,,,27.82421875,21.5546875,,
2025-10-04 20:43:01.541,unknown,app-degradacao-57f8dfd878-gdvk5,tcc-degradacao,0.0,0.0,155648.0,155648.0,218.4057031756319,190.89141577800038,2.4548793181327206,1.7871521436006208,0.1484375,0.1484375,0.21328681950745304,0.1864173982207035
2025-10-04 20:43:16.541,app,app-degradacao-57f8dfd878-gdvk5,tcc-degradacao,0.0004935956445122543,0.049359564451225434,29175808.0,22601728.0,,,,,27.82421875,21.5546875,,
2025-10-04 20:43:16.541,unknown,app-degradacao-57f8dfd878-gdvk5,tcc-degradacao,0.0,0.0,155648.0,155648.0,153.0322498148083,130.83042817500913,1.7003583312756476,1.2145416651968912,0.1484375,0.1484375,0.14944555645977373,0.12776409001465736
2025-10-04 20:43:31.541,app,app-degradacao-57f8dfd878-gdvk5,tcc-degradacao,0.0005047659695546856,0.05047659695546856,29171712.0,22597632.0,,,,,27.8203125,21.55078125,,
2025-10-04 20:43:31.541,unknown,app-degradacao-57f8dfd878-gdvk5,tcc-degradacao,0.0,0.0,155648.0,155648.0,230.1496236460437,197.49403341288783,2.5702221406278687,1.8358729575913346,0.1484375,0.1484375,0.22475549184183954,0.19286526700477327
2025-10-04 20:43:46.541,unknown,app-degradacao-57f8dfd878-gdvk5,tcc-degradacao,0.0,0.0,155648.0,155648.0,224.4025776425311,192.6743041260181,2.5060413496822695,1.7900295354873355,0.1484375,0.1484375,0.21914314222903428,0.18815850012306454
2025-10-04 20:43:46.541,app,app-degradacao-57f8dfd878-gdvk5,tcc-degradacao,0.0005158192979694242,0.05158192979694243,29171712.0,22597632.0,,,,,27.8203125,21.55078125,,
2025-10-04 20:44:01.541,app,app-degradacao-57f8dfd878-gdvk5,tcc-degradacao,0.0005404192233249323,0.054041922332493234,29200384.0,22626304.0,,,,,27.84765625,21.578125,,
2025-10-04 20:44:01.541,unknown,app-degradacao-57f8dfd878-gdvk5,tcc-degradacao,0.0,0.0,155648.0,155648.0,226.9819193324061,195.48518241146888,2.546271530972504,1.8187653792660745,0.1484375,0.1484375,0.22166203059805284,0.19090349844870008
2025-10-04 20:44:16.541,unknown,app-degradacao-57f8dfd878-gdvk5,tcc-degradacao,0.0,0.0,155648.0,155648.0,222.29017689123071,191.8046669175762,2.469890854347008,1.7877305231464058,0.1484375,0.1484375,0.2170802508703425,0.18730924503669552
2025-10-04 20:44:16.541,app,app-degradacao-57f8dfd878-gdvk5,tcc-degradacao,0.0005159948454773576,0.05159948454773576,29171712.0,22597632.0,,,,,27.8203125,21.55078125,,
2025-10-04 20:44:31.541,app,app-degradacao-57f8dfd878-gdvk5,tcc-degradacao,0.0003175350581196615,0.03175350581196615,29175808.0,22601728.0,,,,,27.82421875,21.5546875,,
2025-10-04 20:44:31.541,unknown,app-degradacao-57f8dfd878-gdvk5,tcc-degradacao,0.0,0.0,155648.0,155648.0,240.10559752747253,208.70535714285714,2.704326923076923,1.953125,0.1484375,0.1484375,0.2344781225854224,0.20381382533482142
2025-10-04 20:44:46.541,unknown,app-degradacao-57f8dfd878-gdvk5,tcc-degradacao,0.0,0.0,155648.0,155648.0,231.7129522665311,200.4528441384409,2.5876807910909845,1.871447714985444,0.1484375,0.1484375,0.22628217994778427,0.1957547306039462
2025-10-04 20:44:46.541,app,app-degradacao-57f8dfd878-gdvk5,tcc-degradacao,0.00039559186495726915,0.039559186495726914,29175808.0,22601728.0,,,,,27.82421875,21.5546875,,
2025-10-04 20:45:01.541,unknown,app-degradacao-57f8dfd878-gdvk5,tcc-degradacao,0.0,0.0,155648.0,155648.0,238.74147593005196,205.5454279476965,2.678189633830711,1.912992595593365,0.1484375,0.1484375,0.23314597258794137,0.20072795698017237
2025-10-04 20:45:01.541,app,app-degradacao-57f8dfd878-gdvk5,tcc-degradacao,0.0005540092004891541,0.055400920048915406,29171712.0,22597632.0,,,,,27.8203125,21.55078125,,
2025-10-04 20:45:16.541,unknown,app-degradacao-57f8dfd878-gdvk5,tcc-degradacao,0.0,0.0,155648.0,155648.0,221.2051700560236,189.92897789933386,2.4703339362124486,1.764524240151749,0.1484375,0.1484375,0.21602067388283555,0.18547751747981822
2025-10-04 20:45:16.541,app,app-degradacao-57f8dfd878-gdvk5,tcc-degradacao,0.0005509858473449025,0.05509858473449025,29175808.0,22601728.0,,,,,27.82421875,21.5546875,,
2025-10-04 20:45:31.541,app,app-degradacao-57f8dfd878-gdvk5,tcc-degradacao,0.0005083196142991582,0.05083196142991582,29171712.0,22597632.0,,,,,27.8203125,21.55078125,,
2025-10-04 20:45:31.541,unknown,app-degradacao-57f8dfd878-gdvk5,tcc-degradacao,0.0,0.0,155648.0,155648.0,233.23255813953486,200.25581395348834,2.6046511627906974,1.8604651162790695,0.1484375,0.1484375,0.2277661700581395,0.19556231831395346
2025-10-04 20:45:46.541,app,app-degradacao-57f8dfd878-gdvk5,tcc-degradacao,0.0005364970582530494,0.05364970582530494,29175808.0,22601728.0,,,,,27.82421875,21.5546875,,
2025-10-04 20:45:46.541,unknown,app-degradacao-57f8dfd878-gdvk5,tcc-degradacao,0.0,0.0,155648.0,155648.0,234.7062953428505,201.49777673765507,2.6211092908963263,1.8722209220688044,0.1484375,0.1484375,0.22920536654575244,0.19677517259536628
2025-10-04 20:46:01.541,app,app-degradacao-57f8dfd878-gdvk5,tcc-degradacao,0.0005124112703043743,0.05124112703043743,29171712.0,22597632.0,,,,,27.8203125,21.55078125,,
2025-10-04 20:46:01.541,unknown,app-degradacao-57f8dfd878-gdvk5,tcc-degradacao,0.0,0.0,155648.0,155648.0,240.4708136590707,209.7903693058692,2.691667236935149,1.9617235794612105,0.1484375,0.1484375,0.23483477896393623,0.2048734075252629
2025-10-04 20:46:16.541,unknown,app-degradacao-57f8dfd878-gdvk5,tcc-degradacao,0.0,0.0,155648.0,155648.0,228.5637948043407,199.79036501150938,2.5690562315027954,1.870272936534035,0.1484375,0.1484375,0.22320683086361395,0.19510777833155213
2025-10-04 20:46:16.541,app,app-degradacao-57f8dfd878-gdvk5,tcc-degradacao,0.0005181913460098722,0.05181913460098722,29204480.0,22630400.0,,,,,27.8515625,21.58203125,,
2025-10-04 20:46:31.541,unknown,app-degradacao-57f8dfd878-gdvk5,tcc-degradacao,0.0,0.0,155648.0,155648.0,220.5380826070481,195.0444191823502,2.463054187192118,1.8315018315018314,0.1484375,0.1484375,0.2153692212959454,0.19047306560776386
2025-10-04 20:46:31.541,app,app-degradacao-57f8dfd878-gdvk5,tcc-degradacao,0.0004893171242721736,0.048931712427217354,29204480.0,22630400.0,,,,,27.8515625,21.58203125,,
2025-10-04 20:46:46.541,app,app-degradacao-57f8dfd878-gdvk5,tcc-degradacao,0.0005386263771943143,0.05386263771943142,29184000.0,22609920.0,,,,,27.83203125,21.5625,,
2025-10-04 20:46:46.541,unknown,app-degradacao-57f8dfd878-gdvk5,tcc-degradacao,0.0,0.0,155648.0,155648.0,213.2263242375602,185.72498662386303,2.375601926163724,1.7335473515248796,0.1484375,0.1484375,0.20822883226324237,0.18137205724986624
2025-10-04 20:47:01.541,unknown,app-degradacao-57f8dfd878-gdvk5,tcc-degradacao,0.0,0.0,155648.0,155648.0,231.88102220360284,201.9503793697342,2.583438067309035,1.8852115626309174,0.1484375,0.1484375,0.2264463107457059,0.19721716735325606
2025-10-04 20:47:01.541,app,app-degradacao-57f8dfd878-gdvk5,tcc-degradacao,0.0004933232090490183,0.049332320904901826,29175808.0,22601728.0,,,,,27.82421875,21.5546875,,
2025-10-04 20:47:16.541,app,app-degradacao-57f8dfd878-gdvk5,tcc-degradacao,0.0004204080687611369,0.04204080687611369,29171712.0,22597632.0,,,,,27.8203125,21.55078125,,
2025-10-04 20:47:16.541,unknown,app-degradacao-57f8dfd878-gdvk5,tcc-degradacao,0.0,0.0,155648.0,155648.0,222.8270529683612,191.2771062922147,2.4884464984002843,1.7774617845716318,0.1484375,0.1484375,0.21760454391441522,0.18679404911349093
2025-10-04 20:47:31.541,app,app-degradacao-57f8dfd878-gdvk5,tcc-degradacao,0.0004830009737922989,0.04830009737922989,29175808.0,22601728.0,,,,,27.82421875,21.5546875,,
2025-10-04 20:47:31.541,unknown,app-degradacao-57f8dfd878-gdvk5,tcc-degradacao,0.0,0.0,155648.0,155648.0,238.13368158613318,204.4164786893031,2.659385017214769,1.8995607265819778,0.1484375,0.1484375,0.23255242342395818,0.19962546747002255
2025-10-04 20:47:46.541,app,app-degradacao-57f8dfd878-gdvk5,tcc-degradacao,0.0005182606684399486,0.05182606684399486,29175808.0,22601728.0,,,,,27.82421875,21.5546875,,
2025-10-04 20:47:46.541,unknown,app-degradacao-57f8dfd878-gdvk5,tcc-degradacao,0.0,0.0,155648.0,155648.0,227.47170496042094,195.28680623284717,2.5403161786386623,1.814511556170473,0.1484375,0.1484375,0.22214033687541107,0.19070977171176481
2025-10-04 20:48:01.541,app,app-degradacao-57f8dfd878-gdvk5,tcc-degradacao,0.0004830981995675413,0.04830981995675413,29175808.0,22601728.0,,,,,27.82421875,21.5546875,,
2025-10-04 20:48:01.541,unknown,app-degradacao-57f8dfd878-gdvk5,tcc-degradacao,0.0,0.0,155648.0,155648.0,233.73263727043908,200.63857555700568,2.610235853453901,1.864454181038501,0.1484375,0.1484375,0.22825452858441317,0.19593610894238836
2025-10-04 20:48:16.541,unknown,app-degradacao-57f8dfd878-gdvk5,tcc-degradacao,0.0,0.0,155648.0,155648.0,237.42335645462936,203.80672806041522,2.6514523803887218,1.8938945574205155,0.1484375,0.1484375,0.23185874653772398,0.19903000787149924
2025-10-04 20:48:16.541,app,app-degradacao-57f8dfd878-gdvk5,tcc-degradacao,0.000510175671196543,0.0510175671196543,29175808.0,22601728.0,,,,,27.82421875,21.5546875,,
2025-10-04 20:48:31.541,unknown,app-degradacao-57f8dfd878-gdvk5,tcc-degradacao,0.0,0.0,155648.0,155648.0,234.8307764835294,202.7735763813864,2.5928617729674515,1.8857176530672375,0.1484375,0.1484375,0.22932693015969668,0.19802107068494765
2025-10-04 20:48:31.541,app,app-degradacao-57f8dfd878-gdvk5,tcc-degradacao,0.0005144991306960928,0.051449913069609284,29175808.0,22601728.0,,,,,27.82421875,21.5546875,,
2025-10-04 20:48:46.541,app,app-degradacao-57f8dfd878-gdvk5,tcc-degradacao,0.0005194167866485696,0.05194167866485696,29171712.0,22597632.0,,,,,27.8203125,21.55078125,,
2025-10-04 20:48:46.541,unknown,app-degradacao-57f8dfd878-gdvk5,tcc-degradacao,0.0,0.0,155648.0,155648.0,238.67538215021492,207.39120482234148,2.6451662130884857,1.933006078795432,0.1484375,0.1484375,0.23308142788106925,0.20253047345931785
2025-10-04 20:49:01.541,unknown,app-degradacao-57f8dfd878-gdvk5,tcc-degradacao,0.0,0.0,155648.0,155648.0,220.4006858162858,191.51184912041714,2.4426333466425536,1.7850012917772506,0.1484375,0.1484375,0.2152350447424666,0.18702329015665736
2025-10-04 20:49:01.541,app,app-degradacao-57f8dfd878-gdvk5,tcc-degradacao,0.0005318561269710357,0.05318561269710357,29175808.0,22601728.0,,,,,27.82421875,21.5546875,,
2025-10-04 20:49:16.541,app,app-degradacao-57f8dfd878-gdvk5,tcc-degradacao,0.0005056840617660984,0.050568406176609834,29175808.0,22601728.0,,,,,27.82421875,21.5546875,,
2025-10-04 20:49:16.541,unknown,app-degradacao-57f8dfd878-gdvk5,tcc-degradacao,0.0,0.0,155648.0,155648.0,229.5323596408951,195.22980034838537,2.5458930724909554,1.8535888159363973,0.1484375,0.1484375,0.22415269496181162,0.19065410190272009
2025-10-04 20:49:31.541,app,app-degradacao-57f8dfd878-gdvk5,tcc-degradacao,0.0005398184484877365,0.05398184484877365,29175808.0,22601728.0,,,,,27.82421875,21.5546875,,
2025-10-04 20:49:31.541,unknown,app-degradacao-57f8dfd878-gdvk5,tcc-degradacao,0.0,0.0,155648.0,155648.0,211.53417947005124,186.8923031247681,2.3998614512976575,1.7565996189910689,0.1484375,0.1484375,0.20657634713872192,0.18251201477028134
2025-10-04 20:49:46.541,app,app-degradacao-57f8dfd878-gdvk5,tcc-degradacao,0.0005129045729797569,0.05129045729797568,29175808.0,22601728.0,,,,,27.82421875,21.5546875,,
2025-10-04 20:49:46.541,unknown,app-degradacao-57f8dfd878-gdvk5,tcc-degradacao,0.0,0.0,155648.0,155648.0,224.09708176827507,198.6709043629009,2.523355484927285,1.868438794182799,0.1484375,0.1484375,0.21884480641433113,0.1940145550418954
2025-10-04 20:50:01.541,unknown,app-degradacao-57f8dfd878-gdvk5,tcc-degradacao,0.0,0.0,155648.0,155648.0,208.75790478463188,192.76935926500414,2.386350077556377,1.789762558167283,0.1484375,0.1484375,0.20386514139124207,0.1882513274072306
2025-10-04 20:50:01.541,app,app-degradacao-57f8dfd878-gdvk5,tcc-degradacao,0.0005539338654503978,0.05539338654503978,29204480.0,22630400.0,,,,,27.8515625,21.58203125,,
2025-10-04 20:50:16.541,unknown,app-degradacao-57f8dfd878-gdvk5,tcc-degradacao,0.0,0.0,155648.0,155648.0,245.23893952983875,219.39467261842682,2.6908074508249724,2.0650382762145134,0.1484375,0.1484375,0.23949115188460815,0.21425260997893245
2025-10-04 20:50:16.541,app,app-degradacao-57f8dfd878-gdvk5,tcc-degradacao,0.0005088816256927539,0.05088816256927539,29175808.0,22601728.0,,,,,27.82421875,21.5546875,,
2025-10-04 20:50:31.541,unknown,app-degradacao-57f8dfd878-gdvk5,tcc-degradacao,0.0,0.0,155648.0,155648.0,237.97503086843187,212.86870626972149,2.6066675812868705,2.003018246673069,0.1484375,0.1484375,0.232397491082453,0.2078795959665249
2025-10-04 20:50:31.541,app,app-degradacao-57f8dfd878-gdvk5,tcc-degradacao,0.0005227135771566371,0.05227135771566371,29171712.0,22597632.0,,,,,27.8203125,21.55078125,,
2025-10-04 20:50:46.541,app,app-degradacao-57f8dfd878-gdvk5,tcc-degradacao,0.0004990932261542978,0.04990932261542978,29175808.0,22601728.0,,,,,27.82421875,21.5546875,,
2025-10-04 20:50:46.541,unknown,app-degradacao-57f8dfd878-gdvk5,tcc-degradacao,0.0,0.0,155648.0,155648.0,244.95156325020477,219.0809726890163,2.6830852656254414,2.061739204112181,0.1484375,0.1484375,0.2392105109865281,0.2139462623916175
2025-10-04 20:51:01.541,app,app-degradacao-57f8dfd878-gdvk5,tcc-degradacao,0.0005083309104734641,0.05083309104734641,29175808.0,22601728.0,,,,,27.82421875,21.5546875,,
2025-10-04 20:51:01.541,unknown,app-degradacao-57f8dfd878-gdvk5,tcc-degradacao,0.0,0.0,155648.0,155648.0,225.95830531271014,198.84453139328727,2.537140062358623,1.8646451060707954,0.1484375,0.1484375,0.2206624075319435,0.1941841126887571
2025-10-04 20:51:16.541,unknown,app-degradacao-57f8dfd878-gdvk5,tcc-degradacao,0.0,0.0,155648.0,155648.0,209.71157356699527,182.18327856882075,2.3852987708409397,1.7037848363149568,0.1484375,0.1484375,0.20479645856151882,0.17791335797736402
2025-10-04 20:51:16.541,app,app-degradacao-57f8dfd878-gdvk5,tcc-degradacao,0.0005269072380819245,0.052690723808192445,29171712.0,22597632.0,,,,,27.8203125,21.55078125,,
2025-10-04 20:51:31.541,app,app-degradacao-57f8dfd878-gdvk5,tcc-degradacao,0.0005168354539946482,0.05168354539946482,29171712.0,22597632.0,,,,,27.8203125,21.55078125,,
2025-10-04 20:51:31.541,unknown,app-degradacao-57f8dfd878-gdvk5,tcc-degradacao,0.0,0.0,155648.0,155648.0,225.1608291636883,189.0374657856657,2.493069962865461,1.778273679806133,0.1484375,0.1484375,0.21988362223016436,0.18460690018131415
2025-10-04 20:51:46.541,app,app-degradacao-57f8dfd878-gdvk5,tcc-degradacao,0.0005060136115139984,0.05060136115139984,29175808.0,22601728.0,,,,,27.82421875,21.5546875,,
2025-10-04 20:51:46.541,unknown,app-degradacao-57f8dfd878-gdvk5,tcc-degradacao,0.0,0.0,155648.0,155648.0,216.4750957854406,186.75258330430742,2.4381748519679554,1.7415534656913967,0.1484375,0.1484375,0.21140146072796934,0.18237556963311272
2025-10-04 20:52:01.541,app,app-degradacao-57f8dfd878-gdvk5,tcc-degradacao,0.0005009089782258563,0.050090897822585634,29171712.0,22597632.0,,,,,27.8203125,21.55078125,,
2025-10-04 20:52:01.541,unknown,app-degradacao-57f8dfd878-gdvk5,tcc-degradacao,0.0,0.0,155648.0,155648.0,231.72901407148962,198.84932646318074,2.5878601631276137,1.8484715450911526,0.1484375,0.1484375,0.22629786530418908,0.19418879537419995
2025-10-04 20:52:16.541,unknown,app-degradacao-57f8dfd878-gdvk5,tcc-degradacao,0.0,0.0,155648.0,155648.0,216.60674620440128,193.9133023426229,2.496049829398429,1.786164098101628,0.1484375,0.1484375,0.21153002559023562,0.18936845931896767
2025-10-04 20:52:16.541,app,app-degradacao-57f8dfd878-gdvk5,tcc-degradacao,0.00041066791593655813,0.04106679159365581,29171712.0,22597632.0,,,,,27.8203125,21.55078125,,
2025-10-04 20:52:31.541,app,app-degradacao-57f8dfd878-gdvk5,tcc-degradacao,0.0005631221135366282,0.05631221135366282,29171712.0,22597632.0,,,,,27.8203125,21.55078125,,
2025-10-04 20:52:31.541,unknown,app-degradacao-57f8dfd878-gdvk5,tcc-degradacao,0.0,0.0,155648.0,155648.0,221.1935443513074,190.47916927311397,2.481337837274282,1.7723841694816298,0.1484375,0.1484375,0.21600932065557363,0.18601481374327536
2025-10-04 20:52:46.541,unknown,app-degradacao-57f8dfd878-gdvk5,tcc-degradacao,0.0,0.0,155648.0,155648.0,180.1775678676031,154.928087503543,2.0168153402828084,1.4405823859162916,0.1484375,0.1484375,0.17595465612070615,0.1512969604526787
2025-10-04 20:52:46.541,app,app-degradacao-57f8dfd878-gdvk5,tcc-degradacao,0.0005594187720905796,0.05594187720905796,29171712.0,22597632.0,,,,,27.8203125,21.55078125,,
2025-10-04 20:53:01.541,unknown,app-degradacao-57f8dfd878-gdvk5,tcc-degradacao,0.0,0.0,155648.0,155648.0,233.496951420836,200.94208800158484,2.6193568268363014,1.8709691620259294,0.1484375,0.1484375,0.22802436662191017,0.1962325078140477
2025-10-04 20:53:01.541,app,app-degradacao-57f8dfd878-gdvk5,tcc-degradacao,0.0005071453999898446,0.05071453999898446,29175808.0,22601728.0,,,,,27.82421875,21.5546875,,
2025-10-04 20:53:16.541,unknown,app-degradacao-57f8dfd878-gdvk5,tcc-degradacao,0.0,0.0,155648.0,155648.0,245.79790389559028,212.04930459429175,2.7684397864346453,1.9774569903104608,0.1484375,0.1484375,0.24003701552303738,0.20707939901786304
2025-10-04 20:53:16.541,app,app-degradacao-57f8dfd878-gdvk5,tcc-degradacao,0.0005260354559185844,0.05260354559185844,29175808.0,22601728.0,,,,,27.82421875,21.5546875,,
2025-10-04 20:53:31.541,app,app-degradacao-57f8dfd878-gdvk5,tcc-degradacao,0.0005215078400510108,0.05215078400510108,29171712.0,22597632.0,,,,,27.8203125,21.55078125,,
2025-10-04 20:53:31.541,unknown,app-degradacao-57f8dfd878-gdvk5,tcc-degradacao,0.0,0.0,155648.0,155648.0,239.03346917819206,194.26884446298493,2.5671469370728106,1.8290921926643775,0.1484375,0.1484375,0.2334311222443282,0.18971566842088372
2025-10-04 20:53:46.541,app,app-degradacao-57f8dfd878-gdvk5,tcc-degradacao,0.0005303543983364941,0.05303543983364941,29171712.0,22597632.0,,,,,27.8203125,21.55078125,,
2025-10-04 20:53:46.541,unknown,app-degradacao-57f8dfd878-gdvk5,tcc-degradacao,0.0,0.0,155648.0,155648.0,239.03346917819206,194.26884446298493,2.5671469370728106,1.8290921926643775,0.1484375,0.1484375,0.2334311222443282,0.18971566842088372
2025-10-04 20:54:01.541,app,app-degradacao-57f8dfd878-gdvk5,tcc-degradacao,0.0005208333333333585,0.05208333333333585,29175808.0,22601728.0,,,,,27.82421875,21.5546875,,
2025-10-04 20:54:01.541,unknown,app-degradacao-57f8dfd878-gdvk5,tcc-degradacao,0.0,0.0,155648.0,155648.0,157.1068541248672,144.79169125457332,1.8098961406821665,1.298403753098076,0.1484375,0.1484375,0.15342466223131562,0.14139813599079426
2025-10-04 20:54:16.541,unknown,app-degradacao-57f8dfd878-gdvk5,tcc-degradacao,0.0,0.0,155648.0,155648.0,238.40621276971277,213.10064863433794,2.6916118783920933,1.9635529276794779,0.1484375,0.1484375,0.23281856715792262,0.20810610218197065
2025-10-04 20:54:16.541,app,app-degradacao-57f8dfd878-gdvk5,tcc-degradacao,0.0005052871427307244,0.050528714273072435,29175808.0,22601728.0,,,,,27.82421875,21.5546875,,
2025-10-04 20:54:31.541,app,app-degradacao-57f8dfd878-gdvk5,tcc-degradacao,0.0005172422102802596,0.05172422102802596,29175808.0,22601728.0,,,,,27.82421875,21.5546875,,
2025-10-04 20:54:31.541,unknown,app-degradacao-57f8dfd878-gdvk5,tcc-degradacao,0.0,0.0,155648.0,155648.0,240.06342494714588,210.67653276955602,2.6779422128259336,1.9732205778717407,0.1484375,0.1484375,0.23443693842494714,0.20573880153276955
2025-10-04 20:54:46.541,unknown,app-degradacao-57f8dfd878-gdvk5,tcc-degradacao,0.0,0.0,155648.0,155648.0,224.41197892121158,198.4705025491624,2.506319352212844,1.863673364465961,0.1484375,0.1484375,0.2191523231652457,0.1938188501456664
2025-10-04 20:54:46.541,app,app-degradacao-57f8dfd878-gdvk5,tcc-degradacao,0.0005049530370782284,0.05049530370782285,29175808.0,22601728.0,,,,,27.82421875,21.5546875,,
2025-10-04 20:55:01.541,app,app-degradacao-57f8dfd878-gdvk5,tcc-degradacao,0.0005188800665307194,0.05188800665307194,29171712.0,22597632.0,,,,,27.8203125,21.55078125,,
2025-10-04 20:55:01.541,unknown,app-degradacao-57f8dfd878-gdvk5,tcc-degradacao,0.0,0.0,155648.0,155648.0,201.61822985468953,180.83993835314837,2.2567151034786437,1.7062967855570232,0.1484375,0.1484375,0.19689280259247025,0.17660150229799645
2025-10-04 20:55:16.541,unknown,app-degradacao-57f8dfd878-gdvk5,tcc-degradacao,0.0,0.0,155648.0,155648.0,235.31789433639253,207.6656046412097,2.6154358267154874,1.949688525369727,0.1484375,0.1484375,0.22980263118788333,0.20279844203243136
2025-10-04 20:55:16.541,app,app-degradacao-57f8dfd878-gdvk5,tcc-degradacao,0.000444023240067991,0.0444023240067991,29171712.0,22597632.0,,,,,27.8203125,21.55078125,,
2025-10-04 20:55:31.541,app,app-degradacao-57f8dfd878-gdvk5,tcc-degradacao,0.0004570701032567992,0.04570701032567992,29175808.0,22601728.0,,,,,27.82421875,21.5546875,,
2025-10-04 20:55:31.541,unknown,app-degradacao-57f8dfd878-gdvk5,tcc-degradacao,0.0,0.0,155648.0,155648.0,235.3178943363926,207.66560464120977,2.6154358267154882,1.9496885253697276,0.1484375,0.1484375,0.2298026311878834,0.20279844203243141
2025-10-04 20:55:46.541,unknown,app-degradacao-57f8dfd878-gdvk5,tcc-degradacao,0.0,0.0,155648.0,155648.0,241.7446340121079,210.809943129701,2.705925518253532,1.9721152082186757,0.1484375,0.1484375,0.23607874415244912,0.20586908508759863
2025-10-04 20:55:46.541,app,app-degradacao-57f8dfd878-gdvk5,tcc-degradacao,0.0005102058029689585,0.05102058029689585,29175808.0,22601728.0,,,,,27.82421875,21.5546875,,
2025-10-04 20:56:01.541,unknown,app-degradacao-57f8dfd878-gdvk5,tcc-degradacao,0.0,0.0,155648.0,155648.0,210.19700684873598,181.50559454355854,2.3674642766551113,1.6910459118965082,0.1484375,0.1484375,0.20527051450071873,0.1772515571714439
2025-10-04 20:56:01.541,app,app-degradacao-57f8dfd878-gdvk5,tcc-degradacao,0.0004882073084319847,0.04882073084319847,29175808.0,22601728.0,,,,,27.82421875,21.5546875,,
2025-10-04 20:56:16.541,unknown,app-degradacao-57f8dfd878-gdvk5,tcc-degradacao,0.0,0.0,155648.0,155648.0,214.89879408540335,186.15471001898447,2.4332201395759245,1.7380143854113748,0.1484375,0.1484375,0.2098621035990267,0.18179170900291453
2025-10-04 20:56:16.541,app,app-degradacao-57f8dfd878-gdvk5,tcc-degradacao,0.0004930746824657371,0.049307468246573706,29175808.0,22601728.0,,,,,27.82421875,21.5546875,,
2025-10-04 20:56:31.541,app,app-degradacao-57f8dfd878-gdvk5,tcc-degradacao,0.0004821226697404085,0.04821226697404085,29175808.0,22601728.0,,,,,27.82421875,21.5546875,,
2025-10-04 20:56:31.541,unknown,app-degradacao-57f8dfd878-gdvk5,tcc-degradacao,0.0,0.0,155648.0,155648.0,221.644245142003,193.80169407075238,2.4912805181863478,1.8136522172396612,0.1484375,0.1484375,0.2164494581464873,0.18925946686596912
2025-10-04 20:56:46.541,unknown,app-degradacao-57f8dfd878-gdvk5,tcc-degradacao,0.0,0.0,155648.0,155648.0,233.50388730148185,203.6901676744856,2.613684187210668,1.904888475424724,0.1484375,0.1484375,0.22803113994285337,0.19891617936961484
2025-10-04 20:56:46.541,app,app-degradacao-57f8dfd878-gdvk5,tcc-degradacao,0.0005168276486568201,0.051682764865682004,29175808.0,22601728.0,,,,,27.82421875,21.5546875,,
2025-10-04 20:57:01.541,unknown,app-degradacao-57f8dfd878-gdvk5,tcc-degradacao,0.0,0.0,155648.0,155648.0,233.38678488893083,206.10290996557094,2.5939725510540965,1.9336886289675992,0.1484375,0.1484375,0.22791678211809652,0.20127237301325288
2025-10-04 20:57:01.541,app,app-degradacao-57f8dfd878-gdvk5,tcc-degradacao,0.0005209104494769651,0.05209104494769651,29175808.0,22601728.0,,,,,27.82421875,21.5546875,,
2025-10-04 20:57:16.541,unknown,app-degradacao-57f8dfd878-gdvk5,tcc-degradacao,0.0,0.0,155648.0,155648.0,235.73151125401932,204.65735530546627,2.6125401929260454,1.9091639871382637,0.1484375,0.1484375,0.23020655395900325,0.1998606985404944
2025-10-04 20:57:16.541,app,app-degradacao-57f8dfd878-gdvk5,tcc-degradacao,0.0005414110079605743,0.054141100796057426,29175808.0,22601728.0,,,,,27.82421875,21.5546875,,
2025-10-04 20:57:31.541,app,app-degradacao-57f8dfd878-gdvk5,tcc-degradacao,0.0005271947263785822,0.05271947263785822,29175808.0,22601728.0,,,,,27.82421875,21.5546875,,
2025-10-04 20:57:31.541,unknown,app-degradacao-57f8dfd878-gdvk5,tcc-degradacao,0.0,0.0,155648.0,155648.0,217.73812337508866,192.8031198298275,2.4422910265500675,1.8120223745371467,0.1484375,0.1484375,0.21263488610848502,0.1882842967088159
2025-10-04 20:57:46.541,unknown,app-degradacao-57f8dfd878-gdvk5,tcc-degradacao,0.0,0.0,155648.0,155648.0,172.24138460216798,151.15679414888632,1.9213775473014483,1.4157518769589619,0.1484375,0.1484375,0.16820447715055467,0.1476140567860218
2025-10-04 20:57:46.541,app,app-degradacao-57f8dfd878-gdvk5,tcc-degradacao,0.00048329425556857623,0.048329425556857625,29171712.0,22597632.0,,,,,27.8203125,21.55078125,,
2025-10-04 20:58:01.541,unknown,app-degradacao-57f8dfd878-gdvk5,tcc-degradacao,0.0,0.0,155648.0,155648.0,210.42175171709144,183.98895006716995,2.3651397324553933,1.7218217252275263,0.1484375,0.1484375,0.2054899919112221,0.17967670904997066
2025-10-04 20:58:01.541,app,app-degradacao-57f8dfd878-gdvk5,tcc-degradacao,0.0005017271157167583,0.05017271157167583,29171712.0,22597632.0,,,,,27.8203125,21.55078125,,
2025-10-04 20:58:16.541,unknown,app-degradacao-57f8dfd878-gdvk5,tcc-degradacao,0.0,0.0,155648.0,155648.0,221.774453543104,190.6634857179702,2.4824295570314012,1.7731639693081436,0.1484375,0.1484375,0.2165766147881875,0.18619481027145526
2025-10-04 20:58:16.541,app,app-degradacao-57f8dfd878-gdvk5,tcc-degradacao,0.00047097771372474687,0.04709777137247469,29175808.0,22601728.0,,,,,27.82421875,21.5546875,,
2025-10-04 20:58:31.541,unknown,app-degradacao-57f8dfd878-gdvk5,tcc-degradacao,0.0,0.0,155648.0,155648.0,280.88163064833003,239.53217092337914,2.9776522593320234,2.271611001964636,0.1484375,0.1484375,0.2742984674300098,0.23391813566736244
2025-10-04 20:58:31.541,app,app-degradacao-57f8dfd878-gdvk5,tcc-degradacao,0.0005992056890959015,0.059920568909590154,30117888.0,23543808.0,,,,,28.72265625,22.453125,,
2025-10-04 20:58:46.541,unknown,app-degradacao-57f8dfd878-gdvk5,tcc-degradacao,0.0,0.0,155648.0,155648.0,280.88163064833003,239.53217092337917,2.9776522593320234,2.2716110019646365,0.1484375,0.1484375,0.2742984674300098,0.23391813566736247
2025-10-04 20:58:46.541,app,app-degradacao-57f8dfd878-gdvk5,tcc-degradacao,0.0006717448318420248,0.06717448318420248,42909696.0,36335616.0,,,,,40.921875,34.65234375,,
2025-10-04 20:59:01.541,unknown,app-degradacao-57f8dfd878-gdvk5,tcc-degradacao,0.0,0.0,155648.0,155648.0,146.94183668354304,127.73843509282003,1.671344010560262,1.193817150400187,0.1484375,0.1484375,0.1434978873862725,0.12474456552033206
2025-10-04 20:59:01.541,app,app-degradacao-57f8dfd878-gdvk5,tcc-degradacao,0.0007922984114216731,0.0792298411421673,54931456.0,48357376.0,,,,,52.38671875,46.1171875,,
2025-10-04 20:59:16.541,unknown,app-degradacao-57f8dfd878-gdvk5,tcc-degradacao,0.0,0.0,155648.0,155648.0,213.05304456167323,184.6618773692442,2.4123213954351455,1.7230867110251038,0.1484375,0.1484375,0.20805961382975902,0.18033386461840253
2025-10-04 20:59:16.541,app,app-degradacao-57f8dfd878-gdvk5,tcc-degradacao,0.0008236716512885822,0.08236716512885822,54931456.0,48357376.0,,,,,52.38671875,46.1171875,,
2025-10-04 20:59:31.541,app,app-degradacao-57f8dfd878-gdvk5,tcc-degradacao,0.0008200590841949673,0.08200590841949673,70160384.0,63586304.0,,,,,66.91015625,60.640625,,
2025-10-04 20:59:31.541,unknown,app-degradacao-57f8dfd878-gdvk5,tcc-degradacao,0.0,0.0,155648.0,155648.0,194.75272652965901,169.57831328818307,2.214193134049509,1.5884429005137783,0.1484375,0.1484375,0.19018820950162013,0.16560382157049128
2025-10-04 20:59:46.541,unknown,app-degradacao-57f8dfd878-gdvk5,tcc-degradacao,0.0,0.0,155648.0,155648.0,225.29651733776538,195.19150864999625,2.568557830324092,1.831986099569389,0.1484375,0.1484375,0.2200161302126615,0.19061670766601196
2025-10-04 20:59:46.541,app,app-degradacao-57f8dfd878-gdvk5,tcc-degradacao,0.0008554799092244179,0.0855479909224418,85401600.0,78827520.0,,,,,81.4453125,75.17578125,,
2025-10-04 21:00:01.541,unknown,app-degradacao-57f8dfd878-gdvk5,tcc-degradacao,0.0,0.0,155648.0,155648.0,249.8899163364157,216.3364156759137,2.8401585204755615,2.025539409951563,0.1484375,0.1484375,0.24403312142228095,0.21126603093350949
2025-10-04 21:00:01.541,app,app-degradacao-57f8dfd878-gdvk5,tcc-degradacao,0.0007135376050202642,0.07135376050202642,93425664.0,86851584.0,,,,,89.09765625,82.828125,,
2025-10-04 21:00:16.541,unknown,app-degradacao-57f8dfd878-gdvk5,tcc-degradacao,0.0,0.0,155648.0,155648.0,226.56057930849516,194.3991238853005,2.547884585298259,1.8103390474487628,0.1484375,0.1484375,0.2212505657309523,0.18984289441923877
2025-10-04 21:00:16.541,app,app-degradacao-57f8dfd878-gdvk5,tcc-degradacao,0.0008573059360730635,0.08573059360730635,107855872.0,101281792.0,,,,,102.859375,96.58984375,,
2025-10-04 21:00:31.541,unknown,app-degradacao-57f8dfd878-gdvk5,tcc-degradacao,0.0,0.0,155648.0,155648.0,237.5864683028523,204.7522031649768,2.653273950535393,1.895195678953852,0.1484375,0.1484375,0.2320180354520042,0.19995332340329766
2025-10-04 21:00:31.541,app,app-degradacao-57f8dfd878-gdvk5,tcc-degradacao,0.0008534315034524738,0.08534315034524738,127094784.0,120520704.0,,,,,121.20703125,114.9375,,
2025-10-04 21:00:46.541,app,app-degradacao-57f8dfd878-gdvk5,tcc-degradacao,0.0008431553100061189,0.0843155310006119,127094784.0,120520704.0,,,,,121.20703125,114.9375,,
2025-10-04 21:00:46.541,unknown,app-degradacao-57f8dfd878-gdvk5,tcc-degradacao,0.0,0.0,155648.0,155648.0,213.8154173360183,183.65499920809106,2.375726859289092,1.696947756635066,0.1484375,0.1484375,0.20880411849220537,0.17935058516415142
