timestamp,pod,container,namespace,node,container_last_seen,container_ready,container_restarts,container_running,container_start_time,container_terminated,container_waiting,cpu_context_switches,cpu_limits,cpu_requests,cpu_throttled_periods,cpu_usage_total,fs_reads,fs_writes,memory_cache,memory_failures,memory_limit,memory_limits,memory_max_usage,memory_requests,memory_rss,memory_usage_bytes,memory_working_set_bytes,oom_kill_rate,oom_kills,pod_created,pod_owner,pod_phase,pod_qos_class,pod_ready,pod_scheduled,pod_start_time,probe_success,processes,sockets,threads,memory_usage_percent,memory_rss_percent,memory_cache_percent,disk_io_total,threads_per_process,has_oom_kills,has_restarts,restart_rate,pod_age_seconds,pod_age_hours,memory_headroom_bytes,memory_headroom_percent,memory_pressure,cpu_saturated,memory_overcommit_ratio,cpu_overcommit_ratio,instability_score,is_unstable,hour,day_of_week,minute,period,is_weekend,memory_usage_percent_rolling_mean_5,memory_usage_percent_rolling_std_5,memory_usage_percent_diff,memory_usage_percent_pct_change,memory_warning,memory_overload,memory_critical,cpu_warning,cpu_overload,cpu_critical,disk_warning,disk_overload,disk_critical,critical_overload,overload_severity
2025-10-08 05:47:12,app-degradacao-57f8dfd878-w89qn,app,tcc-degradacao,x86,1759902430.0,0.0,0.0,0.0,1759788281.0,0.0,0.0,1.5838907565937685,1.0,0.5,0.0,0.0023550861262260424,6714.754098360656,539.4517034623783,2904064.0,105.28541226215646,536870912.0,1.0,0.0,0.5,150130688.0,154476544.0,151826432.0,0.0,0.0,0.0,0.0,0.0,0.0,0.0,0.0,0.0,1.0,1.0,1.0,2.0,28.279876708984375,0.971867204823878,0.018799384722127232,7254.205801823035,1.0,0,0,0.0,0.0,0.0,385044480.0,71.72012329101562,0,0,0.6666666666666666,0.6666666666666666,0,0,5,2,47,madrugada,0,28.279876708984375,0.0,0.0,0.0,0,0,0,0,0,0,0,0,0,0,0
2025-10-08 05:47:42,app-degradacao-57f8dfd878-w89qn,app,tcc-degradacao,x86,1759902460.0,0.0,0.0,0.0,1759788281.0,0.0,0.0,1.7784613091507764,1.0,0.5,0.0,0.002534893410885533,6563.057462931785,652.1431305661605,2916352.0,126.72807157205818,536870912.0,1.0,0.0,0.5,178933760.0,183349248.0,180686848.0,0.0,0.0,0.0,0.0,0.0,0.0,0.0,0.0,0.0,1.0,1.0,1.0,2.0,33.655548095703125,0.9759176052038261,0.015905993702761224,7215.200593497946,1.0,0,0,0.0,0.0,0.0,356184064.0,66.34445190429688,0,0,0.6666666666666666,0.6666666666666666,0,0,5,2,47,madrugada,0,30.96771240234375,3.8011736909793195,0.0,0.19008821863112746,0,0,0,0,0,0,0,0,0,0,0
2025-10-08 05:48:12,app-degradacao-57f8dfd878-w89qn,app,tcc-degradacao,x86,1759902490.0,0.0,0.0,0.0,1759788281.0,0.0,0.0,1.9801348900476083,1.0,0.5,0.0,0.002807597483563804,6862.84289276808,783.4958059396963,2912256.0,149.8136760371798,536870912.0,1.0,0.0,0.5,198934528.0,203386880.0,200728576.0,0.0,0.0,0.0,0.0,0.0,0.0,0.0,0.0,0.0,1.0,1.0,1.0,2.0,37.38861083984375,0.9781089469580883,0.014318799647652791,7646.338698707776,1.0,0,0,0.0,0.0,0.0,336142336.0,62.61138916015625,0,0,0.6666666666666666,0.6666666666666666,0,0,5,2,48,madrugada,0,33.108011881510414,4.578985291094523,0.0,0.11091968353999948,0,0,0,0,0,0,0,0,0,0,0
2025-10-08 05:48:42,app-degradacao-57f8dfd878-w89qn,app,tcc-degradacao,x86,1759902520.0,0.0,0.0,0.0,1759788281.0,0.0,0.0,2.1018311643441208,1.0,0.5,0.0,0.00294117504326336,6675.581167950187,860.9100449153518,2916352.0,167.93631003109525,536870912.0,1.0,0.0,0.5,225337344.0,229847040.0,227184640.0,0.0,0.0,0.0,0.0,0.0,0.0,0.0,0.0,0.0,1.0,1.0,1.0,2.0,42.316436767578125,0.9803795733876774,0.012688229473443603,7536.491212865539,1.0,0,0,0.0,0.0,0.0,309686272.0,57.683563232421875,0,0,0.6666666666666666,0.6666666666666666,0,0,5,2,48,madrugada,0,37.786865234375,4.3441573485229314,0.0,0.13180018773211444,0,0,0,0,0,0,0,0,0,0,0
2025-10-08 05:49:12,app-degradacao-57f8dfd878-w89qn,app,tcc-degradacao,x86,1759902550.0,0.0,0.0,0.0,1759788281.0,0.0,0.0,2.285924844250046,1.0,0.5,0.0,0.0031223481565892676,6610.10310544596,922.3399682017618,2924544.0,183.61776607141638,536870912.0,1.0,0.0,0.5,246140928.0,250703872.0,248033280.0,0.0,0.0,0.0,0.0,0.0,0.0,0.0,0.0,0.0,1.0,1.0,1.0,2.0,46.199798583984375,0.98179946346501,0.011665332350090978,7532.443073647722,1.0,0,0,0.0,0.0,0.0,288837632.0,53.800201416015625,0,0,0.6666666666666666,0.6666666666666666,0,0,5,2,49,madrugada,0,41.968282063802086,4.415899244654993,0.0,0.09176958442260896,0,0,0,0,0,0,0,0,0,0,0
2025-10-08 05:49:42,app-degradacao-57f8dfd878-w89qn,app,tcc-degradacao,x86,1759902580.0,0.0,0.0,0.0,1759788281.0,0.0,0.0,2.3727551874941843,1.0,0.5,0.0,0.0029381795277393934,557.0355949066286,996.800538253967,2932736.0,196.54143195596623,536870912.0,1.0,0.0,0.5,266940416.0,271548416.0,268873728.0,0.0,0.0,0.0,0.0,0.0,0.0,0.0,0.0,0.0,1.0,1.0,1.0,2.0,50.081634521484375,0.9830306467962212,0.010800048228600059,1553.8361331605956,1.0,0,0,0.0,0.0,0.0,267997184.0,49.918365478515625,0,0,0.6666666666666666,0.6666666666666666,0,0,5,2,49,madrugada,0,46.19928995768229,3.8825989019396805,0.0,0.08402278919990103,0,0,0,0,0,0,0,0,0,0,0
2025-10-08 05:50:12,app-degradacao-57f8dfd878-w89qn,app,tcc-degradacao,x86,1759902610.0,0.0,0.0,0.0,1759788281.0,0.0,0.0,2.3910572321463572,1.0,0.5,0.0,0.0029570179845988817,554.6397556916784,1007.1090300717318,2940928.0,197.08939560772407,536870912.0,1.0,0.0,0.5,290942976.0,295604224.0,292921344.0,0.0,0.0,0.0,0.0,0.0,0.0,0.0,0.0,0.0,1.0,1.0,1.0,2.0,54.56085205078125,0.984231453390086,0.009948869979784626,1561.74878576341,1.0,0,0,0.0,0.0,0.0,243949568.0,45.43914794921875,0,0,0.6666666666666666,0.6666666666666666,0,0,5,2,50,madrugada,0,50.28076171875,4.18408203781632,0.0,0.08943832548786612,0,0,0,0,0,0,0,0,0,0,0
2025-10-08 05:50:42,app-degradacao-57f8dfd878-w89qn,app,tcc-degradacao,x86,1759902640.0,0.0,0.0,0.0,1759788281.0,0.0,0.0,2.3141504602491776,1.0,0.5,0.0,0.0029813807138352136,549.0745287147316,968.10509010229,2691072.0,190.97032799632504,536870912.0,1.0,0.0,0.5,310145024.0,314597376.0,312303616.0,0.0,0.0,0.0,0.0,0.0,0.0,0.0,0.0,0.0,1.0,1.0,1.0,2.0,58.17108154296875,0.9858474567001873,0.008554019190058283,1517.1796188170215,1.0,0,0,0.0,0.0,0.0,224567296.0,41.82891845703125,0,0,0.6666666666666666,0.6666666666666666,0,0,5,2,50,madrugada,0,54.27118937174479,4.052495111541846,0.0,0.06616886204099903,0,0,0,0,0,0,0,0,0,0,0
2025-10-08 05:51:12,app-degradacao-57f8dfd878-w89qn,app,tcc-degradacao,x86,1759902670.0,0.0,0.0,0.0,1759788281.0,0.0,0.0,2.349884745388954,1.0,0.5,0.0,0.0030046343034934656,536.297449927126,987.9163551289162,2637824.0,196.61161780261654,536870912.0,1.0,0.0,0.5,342142976.0,346607616.0,344371200.0,0.0,0.0,0.0,0.0,0.0,0.0,0.0,0.0,0.0,1.0,1.0,1.0,2.0,64.14413452148438,0.987119033797806,0.007610404014866182,1524.213805056042,1.0,0,0,0.0,0.0,0.0,192499712.0,35.855865478515625,0,0,0.6666666666666666,0.6666666666666666,0,0,5,2,51,madrugada,0,58.95868937174479,4.839945278335642,0.0,0.10268079636964567,0,0,0,0,0,0,0,0,0,0,0
2025-10-08 05:51:42,app-degradacao-57f8dfd878-w89qn,app,tcc-degradacao,x86,1759902700.0,0.0,0.0,0.0,1759788281.0,0.0,0.0,2.319974206933288,1.0,0.5,0.0,0.0025722556317198525,0.0,990.4537617225282,2646016.0,194.40472685983428,536870912.0,1.0,0.0,0.5,368549888.0,373075968.0,370831360.0,0.0,0.0,0.0,0.0,0.0,0.0,0.0,0.0,0.0,1.0,1.0,1.0,2.0,69.07272338867188,0.9878682054699696,0.007092432158234239,990.4537617225282,1.0,0,0,0.0,0.0,0.0,166039552.0,30.927276611328125,0,0,0.6666666666666666,0.6666666666666666,0,0,5,2,51,madrugada,0,63.795979817708336,5.459153552183474,0.0,0.07683615819209044,0,0,0,0,0,0,0,0,0,0,0
2025-10-08 05:52:12,app-degradacao-57f8dfd878-w89qn,app,tcc-degradacao,x86,1759902730.0,0.0,0.0,0.0,1759788281.0,0.0,0.0,2.3332972700061307,1.0,0.5,0.0,0.0027098128313318218,0.0,989.6931010855061,2621440.0,194.4173969490425,536870912.0,1.0,0.0,0.5,384548864.0,389079040.0,386867200.0,0.0,0.0,0.0,0.0,0.0,0.0,0.0,0.0,0.0,1.0,1.0,1.0,2.0,72.05963134765625,0.9883566665828191,0.006737551303875039,989.6931010855061,1.0,0,0,0.0,0.0,0.0,150003712.0,27.94036865234375,0,0,0.6666666666666666,0.6666666666666666,0,0,5,2,52,madrugada,0,68.42549641927083,3.9972427451587604,0.0,0.043242944717512666,1,0,0,0,0,0,0,0,0,0,1
2025-10-08 05:52:42,app-degradacao-57f8dfd878-w89qn,app,tcc-degradacao,x86,1759902760.0,0.0,0.0,0.0,1759788281.0,0.0,0.0,2.3404132932598976,1.0,0.5,0.0,0.0028907591423517776,0.0,971.8862796416399,2420736.0,194.51315089374307,536870912.0,1.0,0.0,0.5,412549120.0,416935936.0,414982144.0,0.0,0.0,0.0,0.0,0.0,0.0,0.0,0.0,0.0,1.0,1.0,1.0,2.0,77.29644775390625,0.9894784387463343,0.005806014270245071,971.8862796416399,1.0,0,0,0.0,0.0,0.0,121888768.0,22.70355224609375,0,0,0.6666666666666666,0.6666666666666666,0,0,5,2,52,madrugada,0,72.80960083007812,4.162841730988646,0.0,0.07267337215457914,1,0,0,0,0,0,0,0,0,0,1
2025-10-08 05:53:12,app-degradacao-57f8dfd878-w89qn,app,tcc-degradacao,x86,1759902790.0,0.0,0.0,0.0,1759788281.0,0.0,0.0,2.3452938493944946,1.0,0.5,0.0,0.0030954766230664047,0.0,978.421848873318,2404352.0,195.11541885934753,536870912.0,1.0,0.0,0.5,433352704.0,437764096.0,435953664.0,0.0,0.0,0.0,0.0,0.0,0.0,0.0,0.0,0.0,1.0,1.0,1.0,2.0,81.20269775390625,0.9899228990448707,0.005492346257897893,978.421848873318,1.0,0,0,0.0,0.0,0.0,100917248.0,18.79730224609375,1,0,0.6666666666666666,0.6666666666666666,1,1,5,2,53,madrugada,0,76.85292561848958,4.587640977749656,0.0,0.05053595751821072,1,1,0,0,0,0,0,0,0,0,2
2025-10-08 05:53:42,app-degradacao-57f8dfd878-w89qn,app,tcc-degradacao,x86,1759902820.0,0.0,0.0,0.0,1759788281.0,0.0,0.0,2.3596087102856504,1.0,0.5,0.0,0.00322397101879364,0.0,978.3545710180698,2318336.0,194.39267218448376,536870912.0,1.0,0.0,0.5,458153984.0,462528512.0,461107200.0,0.0,0.0,0.0,0.0,0.0,0.0,0.0,0.0,0.0,1.0,1.0,1.0,2.0,85.88790893554688,0.9905421419933088,0.005012309370860343,978.3545710180698,1.0,0,0,0.0,0.0,0.0,75763712.0,14.112091064453125,1,0,0.6666666666666666,0.6666666666666666,1,1,5,2,53,madrugada,0,81.4623514811198,4.301612064383702,0.0,0.05769772816956986,1,1,0,0,0,0,0,0,0,0,2
2025-10-08 05:54:12,app-degradacao-57f8dfd878-w89qn,app,tcc-degradacao,x86,1759902850.0,0.0,0.0,0.0,1759788281.0,0.0,0.0,2.344157896793121,1.0,0.5,0.0,0.0031125160272916738,0.0,974.7150605041362,2252800.0,194.2489992932009,536870912.0,1.0,0.0,0.5,481353728.0,485707776.0,484347904.0,0.0,0.0,0.0,0.0,0.0,0.0,0.0,0.0,0.0,1.0,1.0,1.0,2.0,90.21682739257812,0.9910356613458137,0.004638179800032315,974.7150605041362,1.0,0,0,0.0,0.0,0.0,52523008.0,9.783172607421875,1,0,0.6666666666666666,0.6666666666666666,1,1,5,2,54,madrugada,0,85.76914469401042,4.508238236217839,0.0,0.050401954252720316,1,1,1,0,0,0,0,0,0,1,3
2025-10-08 05:54:42,app-degradacao-57f8dfd878-w89qn,app,tcc-degradacao,x86,1759902880.0,0.0,0.0,0.0,1759788281.0,0.0,0.0,2.3471929488407737,1.0,0.5,0.0,0.003265728930008495,0.0,995.0455752333505,2101248.0,194.4817014753784,536870912.0,1.0,0.0,0.5,510955520.0,515215360.0,513957888.0,0.0,0.0,0.0,0.0,0.0,0.0,0.0,0.0,0.0,1.0,1.0,1.0,2.0,95.73211669921875,0.9917319215954045,0.004078387717170568,995.0455752333505,1.0,0,0,0.0,0.0,0.0,22913024.0,4.26788330078125,1,0,0.6666666666666666,0.6666666666666666,1,1,5,2,54,madrugada,0,90.61228434244792,4.93400408116822,0.0,0.06113370937597784,1,1,1,0,0,0,0,0,0,1,3
2025-10-08 05:55:12,app-degradacao-57f8dfd878-w89qn,app,tcc-degradacao,x86,1759902910.0,0.0,0.0,0.0,1759902908.0,0.0,0.0,2.252647207341749,1.0,0.5,0.0,0.0030725591245937905,0.0,931.1492896696316,11714560.0,187.03171767378743,536870912.0,1.0,0.0,0.5,2977792.0,15282176.0,15282176.0,0.0,0.0,0.0,0.0,0.0,0.0,0.0,0.0,0.0,1.0,1.0,0.0,6.0,2.846527099609375,0.1948539138108399,0.7665504724883111,931.1492896696316,3.0,0,0,0.0,0.0,0.0,521588736.0,97.15347290039062,0,0,0.6666666666666666,0.6666666666666666,0,0,5,2,55,madrugada,0,62.93182373046875,52.108413499623616,0.0,-0.9702657039481024,0,0,0,0,0,0,0,0,0,0,0
2025-10-08 05:55:42,app-degradacao-57f8dfd878-w89qn,app,tcc-degradacao,x86,1759902940.0,0.0,0.0,0.0,1759902908.0,0.0,0.0,0.16317403065825067,1.0,0.5,0.0,0.0024580946768860837,103861.34987676586,737.5016050495942,18661376.0,47.05789299669372,536870912.0,1.0,0.0,0.5,27709440.0,47595520.0,29462528.0,0.0,0.0,0.0,0.0,0.0,0.0,0.0,0.0,0.0,1.0,1.0,2.0,3.0,5.487823486328125,0.5821858741708069,0.3920826079411968,104598.85148181545,1.5,0,0,0.0,0.0,0.0,507408384.0,94.51217651367188,0,0,0.6666666666666666,0.6666666666666666,0,0,5,2,55,madrugada,0,34.688822428385414,52.88153688412704,0.0,0.9279013669257572,0,0,0,0,0,0,0,0,0,0,0
2025-10-08 05:56:12,app-degradacao-57f8dfd878-w89qn,app,tcc-degradacao,x86,1759902970.0,0.0,0.0,0.0,1759902908.0,0.0,0.0,0.44227773088871736,1.0,0.5,0.0,0.0020217404421738164,70426.59300926009,624.6791674897194,18673664.0,59.8280136596812,536870912.0,1.0,0.0,0.5,56528896.0,76480512.0,58335232.0,0.0,0.0,0.0,0.0,0.0,0.0,0.0,0.0,0.0,1.0,1.0,2.0,3.0,10.86578369140625,0.7391280965910885,0.24416237898404264,71051.27217674982,1.5,0,0,0.0,0.0,0.0,478535680.0,89.13421630859375,0,0,0.6666666666666666,0.6666666666666666,0,0,5,2,56,madrugada,0,6.400044759114583,4.086713815422127,0.0,0.9799805366328376,0,0,0,0,0,0,0,0,0,0,0
2025-10-08 05:56:42,app-degradacao-57f8dfd878-w89qn,app,tcc-degradacao,x86,1759903000.0,0.0,0.0,0.0,1759902908.0,0.0,0.0,0.6749725931470796,1.0,0.5,0.0,0.0022429106547058497,69653.50977776705,710.4784140245818,18677760.0,79.13278382794452,536870912.0,1.0,0.0,0.5,78172160.0,98148352.0,79998976.0,0.0,0.0,0.0,0.0,0.0,0.0,0.0,0.0,0.0,1.0,1.0,1.0,2.0,14.900970458984375,0.7964694017840523,0.19030130846923127,70363.98819179162,1.0,0,0,0.0,0.0,0.0,456871936.0,85.09902954101562,0,0,0.6666666666666666,0.6666666666666666,0,0,5,2,56,madrugada,0,10.418192545572916,4.722508587348229,0.0,0.3713663811262462,0,0,0,0,0,0,0,0,0,0,0
2025-10-08 05:57:12,app-degradacao-57f8dfd878-w89qn,app,tcc-degradacao,x86,1759903030.0,0.0,0.0,0.0,1759902908.0,0.0,0.0,0.9192336904923368,1.0,0.5,0.0,0.0026300656607441564,65088.82509335865,787.395307201953,18849792.0,99.84338713323388,536870912.0,1.0,0.0,0.5,108806144.0,129048576.0,110891008.0,0.0,0.0,0.0,0.0,0.0,0.0,0.0,0.0,0.0,1.0,1.0,2.0,3.0,20.655059814453125,0.8431409824844485,0.14606741459845776,65876.2204005606,1.5,0,0,0.0,0.0,0.0,425979904.0,79.34494018554688,0,0,0.6666666666666666,0.6666666666666666,0,0,5,2,57,madrugada,0,15.47393798828125,4.919725662629468,0.0,0.3861553427883877,0,0,0,0,0,0,0,0,0,0,0
2025-10-08 05:57:42,app-degradacao-57f8dfd878-w89qn,app,tcc-degradacao,x86,1759903060.0,0.0,0.0,0.0,1759902908.0,0.0,0.0,1.1443459234175566,1.0,0.5,0.0,0.0027913894995224456,62136.55615038639,874.5872237561864,18857984.0,118.40504697403837,536870912.0,1.0,0.0,0.5,136830976.0,157138944.0,138973184.0,0.0,0.0,0.0,0.0,0.0,0.0,0.0,0.0,0.0,1.0,1.0,2.0,3.0,25.885772705078125,0.8707642526173254,0.12000834038945597,63011.14337414257,1.5,0,0,0.0,0.0,0.0,397897728.0,74.11422729492188,0,0,0.6666666666666666,0.6666666666666666,0,0,5,2,57,madrugada,0,20.480600992838543,5.4944787748043575,0.0,0.2532412366564474,0,0,0,0,0,0,0,0,0,0,0
2025-10-08 05:58:12,app-degradacao-57f8dfd878-w89qn,app,tcc-degradacao,x86,1759903090.0,0.0,0.0,0.0,1759902908.0,0.0,0.0,1.382120427537675,1.0,0.5,0.0,0.0031455098481931445,63089.02409347407,985.1537604284229,18866176.0,138.78929186306402,536870912.0,1.0,0.0,0.5,158957568.0,179322880.0,161153024.0,0.0,0.0,0.0,0.0,0.0,0.0,0.0,0.0,0.0,1.0,1.0,2.0,3.0,30.01708984375,0.8864321558608017,0.10520785688246889,64074.177853902496,1.5,0,0,0.0,0.0,0.0,375717888.0,69.98291015625,0,0,0.6666666666666666,0.6666666666666666,0,0,5,2,58,madrugada,0,25.519307454427082,4.691761305982525,0.0,0.15959798402546488,0,0,0,0,0,0,0,0,0,0,0
2025-10-08 05:58:42,app-degradacao-57f8dfd878-w89qn,app,tcc-degradacao,x86,1759903120.0,0.0,0.0,0.0,1759902908.0,0.0,0.0,1.6106341168974885,1.0,0.5,0.0,0.00339214444530141,63549.98689335256,1076.2311766875694,18874368.0,158.5347981847244,536870912.0,1.0,0.0,0.5,181354496.0,201768960.0,183590912.0,0.0,0.0,0.0,0.0,0.0,0.0,0.0,0.0,0.0,1.0,1.0,2.0,3.0,34.19647216796875,0.8988225696419183,0.09354445751445387,64626.21807004013,1.5,0,0,0.0,0.0,0.0,353280000.0,65.80352783203125,0,0,0.6666666666666666,0.6666666666666666,0,0,5,2,58,madrugada,0,30.033111572265625,4.15537289692042,0.0,0.1392334282228549,0,0,0,0,0,0,0,0,0,0,0
2025-10-08 05:59:12,app-degradacao-57f8dfd878-w89qn,app,tcc-degradacao,x86,1759903150.0,0.0,0.0,0.0,1759902908.0,0.0,0.0,1.8625330891067773,1.0,0.5,0.0,0.0036781078149193684,65196.900158402466,1175.8885595948711,18882560.0,178.37373094853285,536870912.0,1.0,0.0,0.5,199757824.0,220188672.0,202002432.0,0.0,0.0,0.0,0.0,0.0,0.0,0.0,0.0,0.0,1.0,1.0,1.0,2.0,37.625885009765625,0.9072120798875063,0.08575627321211024,66372.78871799733,1.0,0,0,0.0,0.0,0.0,334868480.0,62.374114990234375,0,0,0.6666666666666666,0.6666666666666666,0,0,5,2,59,madrugada,0,33.94648234049479,3.8105527361494067,0.0,0.10028557404845828,0,0,0,0,0,0,0,0,0,0,0
2025-10-08 05:59:42,app-degradacao-57f8dfd878-w89qn,app,tcc-degradacao,x86,1759903180.0,0.0,0.0,0.0,1759902908.0,0.0,0.0,2.0915237997266596,1.0,0.5,0.0,0.0038473006916298043,62424.82514418956,1263.065859773392,18890752.0,197.23768743172604,536870912.0,1.0,0.0,0.5,231755776.0,252264448.0,234070016.0,0.0,0.0,0.0,0.0,0.0,0.0,0.0,0.0,0.0,1.0,1.0,1.0,2.0,43.59893798828125,0.918701691493596,0.07488471750531919,63687.891003962955,1.0,0,0,0.0,0.0,0.0,302800896.0,56.40106201171875,0,0,0.6666666666666666,0.6666666666666666,0,0,5,2,59,madrugada,0,38.47376505533854,4.758231426096935,0.0,0.1587485045724597,0,0,0,0,0,0,0,0,0,0,0
2025-10-08 06:00:12,app-degradacao-57f8dfd878-w89qn,app,tcc-degradacao,x86,1759903210.0,0.0,0.0,0.0,1759902908.0,0.0,0.0,2.2735121634480397,1.0,0.5,0.0,0.0026820583484086255,529.6098097525974,941.5285506712842,18894848.0,192.50865473720611,536870912.0,1.0,0.0,0.5,246157312.0,266694656.0,248496128.0,0.0,0.0,0.0,0.0,0.0,0.0,0.0,0.0,0.0,1.0,1.0,1.0,2.0,46.2860107421875,0.9229930391893828,0.07084824350268104,1471.1383604238815,1.0,0,0,0.0,0.0,0.0,288374784.0,53.7139892578125,0,0,0.6666666666666666,0.6666666666666666,0,0,6,2,0,madrugada,0,42.50361124674479,4.432747446943291,0.0,0.0616316102614356,0,0,0,0,0,0,0,0,0,0,0
2025-10-08 06:00:42,app-degradacao-57f8dfd878-w89qn,app,tcc-degradacao,x86,1759903240.0,0.0,0.0,0.0,1759902908.0,0.0,0.0,2.328127823785174,1.0,0.5,0.0,0.002867229386146754,522.5211817109082,972.469977073079,18907136.0,198.34089886286725,536870912.0,1.0,0.0,0.5,271757312.0,292360192.0,274149376.0,0.0,0.0,0.0,0.0,0.0,0.0,0.0,0.0,0.0,1.0,1.0,1.0,2.0,51.064300537109375,0.9295291168452608,0.06467069201859502,1494.9911587839872,1.0,0,0,0.0,0.0,0.0,262721536.0,48.935699462890625,0,0,0.6666666666666666,0.6666666666666666,0,0,6,2,0,madrugada,0,46.98308308919271,3.781182604567073,0.0,0.10323399485725582,0,0,0,0,0,0,0,0,0,0,0
2025-10-08 06:01:12,app-degradacao-57f8dfd878-w89qn,app,tcc-degradacao,x86,1759903270.0,0.0,0.0,0.0,1759902908.0,0.0,0.0,2.3285685828702527,1.0,0.5,0.0,0.0028525686378217236,506.43275657185245,984.7303600008242,18915328.0,198.39541704732008,536870912.0,1.0,0.0,0.5,304558080.0,325230592.0,307011584.0,0.0,0.0,0.0,0.0,0.0,0.0,0.0,0.0,0.0,1.0,1.0,1.0,2.0,57.18536376953125,0.9364373664564821,0.05815974390822452,1491.1631165726767,1.0,0,0,0.0,0.0,0.0,229859328.0,42.81463623046875,0,0,0.6666666666666666,0.6666666666666666,0,0,6,2,1,madrugada,0,51.51189168294271,5.4634446532419325,0.0,0.11986971657378498,0,0,0,0,0,0,0,0,0,0,0
2025-10-08 06:01:42,app-degradacao-57f8dfd878-w89qn,app,tcc-degradacao,x86,1759903300.0,0.0,0.0,0.0,1759902908.0,0.0,0.0,2.3354179987895494,1.0,0.5,0.0,0.0027373971202210275,0.0,966.3911808051209,18923520.0,197.70356262373784,536870912.0,1.0,0.0,0.5,327757824.0,348622848.0,330395648.0,0.0,0.0,0.0,0.0,0.0,0.0,0.0,0.0,0.0,1.0,1.0,1.0,2.0,61.540985107421875,0.9401501506288247,0.05428077951368013,966.3911808051209,1.0,0,0,0.0,0.0,0.0,206475264.0,38.459014892578125,0,0,0.6666666666666666,0.6666666666666666,0,0,6,2,1,madrugada,0,56.596883138020836,5.263075335457671,0.0,0.07616671558555921,0,0,0,0,0,0,0,0,0,0,0
2025-10-08 06:02:12,app-degradacao-57f8dfd878-w89qn,app,tcc-degradacao,x86,1759903330.0,0.0,0.0,0.0,1759902908.0,0.0,0.0,2.3443975487867053,1.0,0.5,0.0,0.0026095468307282548,0.0,951.742171758333,18931712.0,196.76292799994454,536870912.0,1.0,0.0,0.5,350957568.0,371736576.0,353501184.0,0.0,0.0,0.0,0.0,0.0,0.0,0.0,0.0,0.0,1.0,1.0,1.0,2.0,65.8447265625,0.944102866692077,0.05092776221480083,951.742171758333,1.0,0,0,0.0,0.0,0.0,183369728.0,34.1552734375,0,0,0.6666666666666666,0.6666666666666666,0,0,6,2,2,madrugada,0,61.52369181315104,4.329707298257313,0.0,0.06993293083569907,0,0,0,0,0,0,0,0,0,0,0
2025-10-08 06:02:42,app-degradacao-57f8dfd878-w89qn,app,tcc-degradacao,x86,1759903360.0,0.0,0.0,0.0,1759902908.0,0.0,0.0,2.342507861357453,1.0,0.5,0.0,0.002518785994417552,0.0,955.1496307811891,18939904.0,195.60117302052782,536870912.0,1.0,0.0,0.5,373358592.0,394186752.0,375943168.0,0.0,0.0,0.0,0.0,0.0,0.0,0.0,0.0,0.0,1.0,1.0,1.0,2.0,70.02487182617188,0.947161692163714,0.04804804792615646,955.1496307811891,1.0,0,0,0.0,0.0,0.0,160927744.0,29.975128173828125,0,0,0.6666666666666666,0.6666666666666666,0,0,6,2,2,madrugada,0,65.80352783203125,4.2420934060543205,0.0,0.06348489061920648,1,0,0,0,0,0,0,0,0,0,1
2025-10-08 06:03:12,app-degradacao-57f8dfd878-w89qn,app,tcc-degradacao,x86,1759903390.0,0.0,0.0,0.0,1759902908.0,0.0,0.0,2.3517942660338287,1.0,0.5,0.0,0.002642819022137464,0.0,961.8376016679593,18948096.0,195.576065067494,536870912.0,1.0,0.0,0.5,397361152.0,418246656.0,399994880.0,0.0,0.0,0.0,0.0,0.0,0.0,0.0,0.0,0.0,1.0,1.0,1.0,2.0,74.50485229492188,0.9500641436089231,0.0453036400479825,961.8376016679593,1.0,0,0,0.0,0.0,0.0,136876032.0,25.495147705078125,0,0,0.6666666666666666,0.6666666666666666,0,0,6,2,3,madrugada,0,70.12481689453125,4.330927866849736,0.0,0.06397698920279349,1,0,0,0,0,0,0,0,0,0,1
2025-10-08 06:03:42,app-degradacao-57f8dfd878-w89qn,app,tcc-degradacao,x86,1759903420.0,0.0,0.0,0.0,1759902908.0,0.0,0.0,2.3340622159200595,1.0,0.5,0.0,0.0026354616002892133,0.0,977.5965125951615,18956288.0,195.68918012993535,536870912.0,1.0,0.0,0.5,417361920.0,438292480.0,420032512.0,0.0,0.0,0.0,0.0,0.0,0.0,0.0,0.0,0.0,1.0,1.0,1.0,2.0,78.23715209960938,0.9522452200132541,0.04325031530714304,977.5965125951615,1.0,0,0,0.0,0.0,0.0,116838400.0,21.762847900390625,0,0,0.6666666666666666,0.6666666666666666,0,0,6,2,3,madrugada,0,74.25562540690105,4.111808890702093,0.0,0.050094721212431415,1,0,0,0,0,0,0,0,0,0,1
2025-10-08 06:04:12,app-degradacao-57f8dfd878-w89qn,app,tcc-degradacao,x86,1759903450.0,0.0,0.0,0.0,1759902908.0,0.0,0.0,2.3239718544956136,1.0,0.5,0.0,0.0026383221262476515,0.0,958.847038547399,18964480.0,195.81413653419466,536870912.0,1.0,0.0,0.5,444559360.0,465551360.0,447283200.0,0.0,0.0,0.0,0.0,0.0,0.0,0.0,0.0,0.0,1.0,1.0,1.0,2.0,83.31298828125,0.9549093767980629,0.040735526922882306,958.847038547399,1.0,0,0,0.0,0.0,0.0,89587712.0,16.68701171875,1,0,0.6666666666666666,0.6666666666666666,1,1,6,2,4,madrugada,0,78.68499755859375,4.421112875143712,0.0,0.06487756833451974,1,1,0,0,0,0,0,0,0,0,2
2025-10-08 06:04:42,app-degradacao-57f8dfd878-w89qn,app,tcc-degradacao,x86,1759903480.0,0.0,0.0,0.0,1759902908.0,0.0,0.0,2.289083984233828,1.0,0.5,0.0,0.0025666782284348624,0.0,930.451480858648,18972672.0,190.04639246203905,536870912.0,1.0,0.0,0.5,467763200.0,488808448.0,470532096.0,0.0,0.0,0.0,0.0,0.0,0.0,0.0,0.0,0.0,1.0,1.0,1.0,2.0,87.6434326171875,0.9569458158036053,0.038814124507901046,930.451480858648,1.0,0,0,0.0,0.0,0.0,66338816.0,12.3565673828125,1,0,0.6666666666666666,0.6666666666666666,1,1,6,2,4,madrugada,0,83.0645243326823,4.708060008554001,0.0,0.05197802197802193,1,1,0,0,0,0,0,0,0,0,2
2025-10-08 06:05:12,app-degradacao-57f8dfd878-w89qn,app,tcc-degradacao,x86,1759903510.0,0.0,0.0,0.0,1759902908.0,0.0,0.0,2.292115946637621,1.0,0.5,0.0,0.0025706372440274746,0.0,928.9976859823506,18980864.0,190.24562357092253,536870912.0,1.0,0.0,0.5,483762176.0,504860672.0,486576128.0,0.0,0.0,0.0,0.0,0.0,0.0,0.0,0.0,0.0,1.0,1.0,1.0,2.0,90.63186645507812,0.9582092681637732,0.0375962419239575,928.9976859823506,1.0,0,0,0.0,0.0,0.0,50294784.0,9.368133544921875,1,0,0.6666666666666666,0.6666666666666666,1,1,6,2,5,madrugada,0,87.1960957845052,3.67988819289931,0.0,0.03409763571154989,1,1,1,0,0,0,0,0,0,1,3
2025-10-08 06:05:42,app-degradacao-57f8dfd878-w89qn,app,tcc-degradacao,x86,1759903540.0,0.0,0.0,0.0,1759902908.0,0.0,0.0,2.368535650178968,1.0,0.5,0.0,0.0029640364945672385,0.0,986.1038827698769,18989056.0,196.00075056735108,536870912.0,1.0,0.0,0.5,507760640.0,528904192.0,510611456.0,0.0,0.0,0.0,0.0,0.0,0.0,0.0,0.0,0.0,1.0,1.0,1.0,2.0,95.10879516601562,0.9600238506711933,0.03590263841980924,986.1038827698769,1.0,0,0,0.0,0.0,0.0,26259456.0,4.891204833984375,1,0,0.6666666666666666,0.6666666666666666,1,1,6,2,5,madrugada,0,91.12803141276042,3.757332064814733,0.0,0.049396849982743074,1,1,1,0,0,0,0,0,0,1,3
2025-10-08 06:06:12,app-degradacao-57f8dfd878-w89qn,app,tcc-degradacao,x86,1759903570.0,0.0,0.0,0.0,1759903560.0,0.0,0.0,2.174341789619992,1.0,0.5,0.0,0.0028159328705541094,0.0,895.0858261591445,18653184.0,180.90013793741272,536870912.0,1.0,0.0,0.5,20946944.0,40673280.0,22425600.0,0.0,0.0,0.0,0.0,0.0,0.0,0.0,0.0,0.0,1.0,1.0,1.0,1.0,4.177093505859375,0.5150050225847282,0.4586102606278554,895.0858261591445,0.5,0,0,0.0,0.0,0.0,514445312.0,95.82290649414062,0,0,0.6666666666666666,0.6666666666666666,0,0,6,2,6,madrugada,0,63.30591837565104,51.255967170004446,0.0,-0.9560808913774156,0,0,0,0,0,0,0,0,0,0,0
2025-10-08 06:06:42,app-degradacao-57f8dfd878-w89qn,app,tcc-degradacao,x86,1759903600.0,0.0,0.0,0.0,1759903560.0,0.0,0.0,1.9199512628296471,1.0,0.5,0.0,0.0025689203890162386,0.0,778.9223988049756,18653184.0,161.53921367944986,536870912.0,1.0,0.0,0.5,20967424.0,40697856.0,22450176.0,0.0,0.0,0.0,0.0,0.0,0.0,0.0,0.0,0.0,1.0,1.0,1.0,1.0,4.181671142578125,0.5151972498207952,0.4583333220714791,778.9223988049756,0.5,0,0,0.0,0.0,0.0,514420736.0,95.81832885742188,0,0,0.6666666666666666,0.6666666666666666,0,0,6,2,6,madrugada,0,34.48918660481771,52.49812103136011,0.0,0.0010958904109588108,0,0,0,0,0,0,0,0,0,0,0
2025-10-08 06:07:12,app-degradacao-57f8dfd878-w89qn,app,tcc-degradacao,x86,1759903630.0,0.0,0.0,0.0,1759903560.0,0.0,0.0,1.6949880735579397,1.0,0.5,0.0,0.0023223171945148256,0.0,692.7930870844715,18653184.0,142.0047332963828,536870912.0,1.0,0.0,0.5,20967424.0,40816640.0,22568960.0,0.0,0.0,0.0,0.0,0.0,0.0,0.0,0.0,0.0,1.0,1.0,1.0,1.0,4.20379638671875,0.5136979302142967,0.456999487047452,692.7930870844715,0.5,0,0,0.0,0.0,0.0,514301952.0,95.79620361328125,0,0,0.6666666666666666,0.6666666666666666,0,0,6,2,7,madrugada,0,4.187520345052083,0.014280085405494032,0.0,0.005291005291005346,0,0,0,0,0,0,0,0,0,0,0
2025-10-08 06:07:42,app-degradacao-57f8dfd878-w89qn,app,tcc-degradacao,x86,1759903660.0,0.0,0.0,0.0,1759903560.0,0.0,0.0,1.4553544986409765,1.0,0.5,0.0,0.001988586532980279,0.0,589.9036901158091,18653184.0,122.76900592311758,536870912.0,1.0,0.0,0.5,20967424.0,40701952.0,22454272.0,0.0,0.0,0.0,0.0,0.0,0.0,0.0,0.0,0.0,1.0,1.0,1.0,1.0,4.18243408203125,0.5151454034650377,0.45828719815975416,589.9036901158091,0.5,0,0,0.0,0.0,0.0,514416640.0,95.81756591796875,0,0,0.6666666666666666,0.6666666666666666,0,0,6,2,7,madrugada,0,4.189300537109375,0.012559568524840933,0.0,-0.005081669691470059,0,0,0,0,0,0,0,0,0,0,0
2025-10-08 06:08:12,app-degradacao-57f8dfd878-w89qn,app,tcc-degradacao,x86,1759903690.0,0.0,0.0,0.0,1759903560.0,0.0,0.0,1.2362159405577242,1.0,0.5,0.0,0.0017487103648417424,0.0,509.44157394300754,18653184.0,102.84713593274141,536870912.0,1.0,0.0,0.5,20983808.0,40714240.0,22466560.0,0.0,0.0,0.0,0.0,0.0,0.0,0.0,0.0,0.0,1.0,1.0,1.0,1.0,4.184722900390625,0.515392341465975,0.45814888210736876,509.44157394300754,0.5,0,0,0.0,0.0,0.0,514404352.0,95.81527709960938,0,0,0.6666666666666666,0.6666666666666666,0,0,6,2,8,madrugada,0,4.190317789713542,0.011728772559259111,0.0,0.0005472455308281887,0,0,0,0,0,0,0,0,0,0,0
2025-10-08 06:08:42,app-degradacao-57f8dfd878-w89qn,app,tcc-degradacao,x86,1759903720.0,0.0,0.0,0.0,1759903560.0,0.0,0.0,1.0115598296043355,1.0,0.5,0.0,0.0015205194777576738,0.0,406.51726646620114,18653184.0,83.93274540883067,536870912.0,1.0,0.0,0.5,20987904.0,40722432.0,22474752.0,0.0,0.0,0.0,0.0,0.0,0.0,0.0,0.0,0.0,1.0,1.0,1.0,1.0,4.186248779296875,0.5153892450384779,0.45805671778009927,406.51726646620114,0.5,0,0,0.0,0.0,0.0,514396160.0,95.81375122070312,0,0,0.6666666666666666,0.6666666666666666,0,0,6,2,8,madrugada,0,4.184468587239583,0.0019200223034884487,0.0,0.00036463081130344577,0,0,0,0,0,0,0,0,0,0,0
2025-10-08 06:09:12,app-degradacao-57f8dfd878-w89qn,app,tcc-degradacao,x86,1759903750.0,0.0,0.0,0.0,1759903560.0,0.0,0.0,0.7683581833761783,1.0,0.5,0.0,0.0013304567677806334,0.0,330.3685484147387,18653184.0,64.17276606683805,536870912.0,1.0,0.0,0.5,21000192.0,40734720.0,22487040.0,0.0,0.0,0.0,0.0,0.0,0.0,0.0,0.0,0.0,1.0,1.0,1.0,1.0,4.18853759765625,0.5155354322912878,0.45791854079471905,330.3685484147387,0.5,0,0,0.0,0.0,0.0,514383872.0,95.81146240234375,0,0,0.6666666666666666,0.6666666666666666,0,0,6,2,9,madrugada,0,4.186503092447917,0.001920022303484802,0.0,0.0005467468562054822,0,0,0,0,0,0,0,0,0,0,0
2025-10-08 06:09:42,app-degradacao-57f8dfd878-w89qn,app,tcc-degradacao,x86,1759903780.0,0.0,0.0,0.0,1759903560.0,0.0,0.0,0.5284921278128495,1.0,0.5,0.0,0.0011618099418946328,0.0,238.31600978217597,18653184.0,43.78726978236554,536870912.0,1.0,0.0,0.5,21008384.0,40738816.0,22491136.0,0.0,0.0,0.0,0.0,0.0,0.0,0.0,0.0,0.0,1.0,1.0,1.0,1.0,4.189300537109375,0.5156846847074622,0.4578725003232175,238.31600978217597,0.5,0,0,0.0,0.0,0.0,514379776.0,95.81069946289062,0,0,0.6666666666666666,0.6666666666666666,0,0,6,2,9,madrugada,0,4.188028971354167,0.001588185262366948,0.0,0.00018214936247717972,0,0,0,0,0,0,0,0,0,0,0
2025-10-08 06:10:12,app-degradacao-57f8dfd878-w89qn,app,tcc-degradacao,x86,1759903810.0,0.0,0.0,0.0,1759903560.0,0.0,0.0,0.2971254384223414,1.0,0.5,0.0,0.0008414299475547609,0.0,119.98845873866722,18653184.0,24.64885679306466,536870912.0,1.0,0.0,0.5,21020672.0,40759296.0,22511616.0,0.0,0.0,0.0,0.0,0.0,0.0,0.0,0.0,0.0,1.0,1.0,1.0,1.0,4.193115234375,0.515727049953781,0.4576424367672485,119.98845873866722,0.5,0,0,0.0,0.0,0.0,514359296.0,95.806884765625,0,0,0.6666666666666666,0.6666666666666666,0,0,6,2,10,madrugada,0,4.190317789713542,0.0024525073052678904,0.0,0.0009105809506464446,0,0,0,0,0,0,0,0,0,0,0
2025-10-08 06:10:42,app-degradacao-57f8dfd878-w89qn,app,tcc-degradacao,x86,1759903840.0,0.0,0.0,0.0,1759903560.0,0.0,0.0,0.6404387355259102,1.0,0.5,0.0,0.0010108511421235695,63615.59942587945,437.20617678568806,18653184.0,21.59874962055118,536870912.0,1.0,0.0,0.5,21020672.0,40755200.0,22507520.0,0.0,0.0,0.0,0.0,0.0,0.0,0.0,0.0,0.0,1.0,1.0,1.0,1.0,4.192352294921875,0.5157788818168263,0.4576884309808704,64052.80560266514,0.5,0,0,0.0,0.0,0.0,514363392.0,95.80764770507812,0,0,0.6666666666666666,0.6666666666666666,0,0,6,2,10,madrugada,0,4.19158935546875,0.002018548170988573,0.0,-0.0001819505094614593,0,0,0,0,0,0,0,0,0,0,0
2025-10-08 06:11:12,app-degradacao-57f8dfd878-w89qn,app,tcc-degradacao,x86,1759903870.0,0.0,0.0,0.0,1759903560.0,0.0,0.0,0.6732264911080955,1.0,0.5,0.0,0.0004489215974601645,0.0,0.0,18653184.0,0.05314945982432333,536870912.0,1.0,0.0,0.5,21024768.0,40759296.0,22511616.0,0.0,0.0,0.0,0.0,0.0,0.0,0.0,0.0,0.0,1.0,1.0,1.0,1.0,4.193115234375,0.5158275423641384,0.4576424367672485,0.0,0.5,0,0,0.0,0.0,0.0,514359296.0,95.806884765625,0,0,0.6666666666666666,0.6666666666666666,0,0,6,2,11,madrugada,0,4.192860921223958,0.0004404838147165854,0.0,0.00018198362147403557,0,0,0,0,0,0,0,0,0,0,0
2025-10-08 06:11:42,app-degradacao-57f8dfd878-w89qn,app,tcc-degradacao,x86,1759903900.0,0.0,0.0,0.0,1759903560.0,0.0,0.0,0.6751679752583606,1.0,0.5,0.0,0.00045251137077248656,0.0,0.0,18653184.0,0.05081909491191961,536870912.0,1.0,0.0,0.5,21024768.0,40759296.0,22511616.0,0.0,0.0,0.0,0.0,0.0,0.0,0.0,0.0,0.0,1.0,1.0,1.0,1.0,4.193115234375,0.5158275423641384,0.4576424367672485,0.0,0.5,0,0,0.0,0.0,0.0,514359296.0,95.806884765625,0,0,0.6666666666666666,0.6666666666666666,0,0,6,2,11,madrugada,0,4.192860921223958,0.0004404838147165854,0.0,0.0,0,0,0,0,0,0,0,0,0,0,0
2025-10-08 06:12:12,app-degradacao-57f8dfd878-w89qn,app,tcc-degradacao,x86,1759903930.0,0.0,0.0,0.0,1759903560.0,0.0,0.0,0.6808798841423436,1.0,0.5,0.0,0.00044989948915996007,0.0,0.0,18653184.0,0.05043554697350693,536870912.0,1.0,0.0,0.5,21024768.0,40763392.0,22515712.0,0.0,0.0,0.0,0.0,0.0,0.0,0.0,0.0,0.0,1.0,1.0,1.0,1.0,4.193878173828125,0.5157757108197544,0.45759645179683645,0.0,0.5,0,0,0.0,0.0,0.0,514355200.0,95.80612182617188,0,0,0.6666666666666666,0.6666666666666666,0,0,6,2,12,madrugada,0,4.193369547526042,0.0004404838147126113,0.0,0.00018195050946134828,0,0,0,0,0,0,0,0,0,0,0
2025-10-08 06:12:42,app-degradacao-57f8dfd878-w89qn,app,tcc-degradacao,x86,1759903960.0,0.0,0.0,0.0,1759903560.0,0.0,0.0,0.6785950195457022,1.0,0.5,0.0,0.0004501864331529763,0.0,0.0,18653184.0,0.04331457571568312,536870912.0,1.0,0.0,0.5,21024768.0,40759296.0,22511616.0,0.0,0.0,0.0,0.0,0.0,0.0,0.0,0.0,0.0,1.0,1.0,1.0,1.0,4.193115234375,0.5158275423641384,0.4576424367672485,0.0,0.5,0,0,0.0,0.0,0.0,514359296.0,95.806884765625,0,0,0.6666666666666666,0.6666666666666666,0,0,6,2,12,madrugada,0,4.193369547526042,0.0004404838147126113,0.0,-0.0001819174094961351,0,0,0,0,0,0,0,0,0,0,0
2025-10-08 06:13:12,app-degradacao-57f8dfd878-w89qn,app,tcc-degradacao,x86,1759903990.0,0.0,0.0,0.0,1759903560.0,0.0,0.0,0.6716468566569849,1.0,0.5,0.0,0.0004553265525581527,0.0,0.0,18653184.0,0.032153306967621614,536870912.0,1.0,0.0,0.5,21024768.0,40763392.0,22515712.0,0.0,0.0,0.0,0.0,0.0,0.0,0.0,0.0,0.0,1.0,1.0,1.0,1.0,4.193878173828125,0.5157757108197544,0.45759645179683645,0.0,0.5,0,0,0.0,0.0,0.0,514355200.0,95.80612182617188,0,0,0.6666666666666666,0.6666666666666666,0,0,6,2,13,madrugada,0,4.193623860677083,0.00044048381471062424,0.0,0.00018195050946134828,0,0,0,0,0,0,0,0,0,0,0
2025-10-08 06:13:42,app-degradacao-57f8dfd878-w89qn,app,tcc-degradacao,x86,1759904020.0,0.0,0.0,0.0,1759903560.0,0.0,0.0,0.676458878698944,1.0,0.5,0.0,0.0004544605768925875,0.0,0.0,18653184.0,0.021139339959342,536870912.0,1.0,0.0,0.5,21024768.0,40763392.0,22515712.0,0.0,0.0,0.0,0.0,0.0,0.0,0.0,0.0,0.0,1.0,1.0,1.0,1.0,4.193878173828125,0.5157757108197544,0.45759645179683645,0.0,0.5,0,0,0.0,0.0,0.0,514355200.0,95.80612182617188,0,0,0.6666666666666666,0.6666666666666666,0,0,6,2,13,madrugada,0,4.193623860677083,0.00044048381471062424,0.0,0.0,0,0,0,0,0,0,0,0,0,0,0
2025-10-08 06:14:12,app-degradacao-57f8dfd878-w89qn,app,tcc-degradacao,x86,1759904050.0,0.0,0.0,0.0,1759903560.0,0.0,0.0,0.6685842033053131,1.0,0.5,0.0,0.0004566813151608433,0.0,0.0,18653184.0,0.017411046961075864,536870912.0,1.0,0.0,0.5,21024768.0,40763392.0,22515712.0,0.0,0.0,0.0,0.0,0.0,0.0,0.0,0.0,0.0,1.0,1.0,1.0,1.0,4.193878173828125,0.5157757108197544,0.45759645179683645,0.0,0.5,0,0,0.0,0.0,0.0,514355200.0,95.80612182617188,0,0,0.6666666666666666,0.6666666666666666,0,0,6,2,14,madrugada,0,4.193878173828125,0.0,0.0,0.0,0,0,0,0,0,0,0,0,0,0,0
2025-10-08 06:14:42,app-degradacao-57f8dfd878-w89qn,app,tcc-degradacao,x86,1759904080.0,0.0,0.0,0.0,1759903560.0,0.0,0.0,0.6871683960404633,1.0,0.5,0.0,0.0004581532530190201,0.0,0.0,18653184.0,0.010850027305902052,536870912.0,1.0,0.0,0.5,21024768.0,40759296.0,22511616.0,0.0,0.0,0.0,0.0,0.0,0.0,0.0,0.0,0.0,1.0,1.0,1.0,1.0,4.193115234375,0.5158275423641384,0.4576424367672485,0.0,0.5,0,0,0.0,0.0,0.0,514359296.0,95.806884765625,0,0,0.6666666666666666,0.6666666666666666,0,0,6,2,14,madrugada,0,4.193623860677083,0.00044048381471062424,0.0,-0.0001819174094961351,0,0,0,0,0,0,0,0,0,0,0
2025-10-08 06:15:12,app-degradacao-57f8dfd878-w89qn,app,tcc-degradacao,x86,1759904110.0,0.0,0.0,0.0,1759903560.0,0.0,0.0,0.668682300410916,1.0,0.5,0.0,0.00046079400630574585,0.0,0.0,18653184.0,0.014380264524965937,536870912.0,1.0,0.0,0.5,21037056.0,40775680.0,22528000.0,0.0,0.0,0.0,0.0,0.0,0.0,0.0,0.0,0.0,1.0,1.0,1.0,1.0,4.1961669921875,0.51592163476068,0.45745855231700483,0.0,0.5,0,0,0.0,0.0,0.0,514342912.0,95.8038330078125,0,0,0.6666666666666666,0.6666666666666666,0,0,6,2,15,madrugada,0,4.194386800130208,0.0015881852623530097,0.0,0.0007278020378456151,0,0,0,0,0,0,0,0,0,0,0
2025-10-08 06:15:42,app-degradacao-57f8dfd878-w89qn,app,tcc-degradacao,x86,1759904140.0,0.0,0.0,0.0,1759903560.0,0.0,0.0,0.6795546085836242,1.0,0.5,0.0,0.0004560129964818891,0.0,0.0,18653184.0,0.010618040759119127,536870912.0,1.0,0.0,0.5,21037056.0,40771584.0,22523904.0,0.0,0.0,0.0,0.0,0.0,0.0,0.0,0.0,0.0,1.0,1.0,1.0,1.0,4.195404052734375,0.515973465343572,0.457504509574499,0.0,0.5,0,0,0.0,0.0,0.0,514347008.0,95.80459594726562,0,0,0.6666666666666666,0.6666666666666666,0,0,6,2,15,madrugada,0,4.194895426432292,0.0015881852623519078,0.0,-0.0001818181818181719,0,0,0,0,0,0,0,0,0,0,0
2025-10-08 06:16:12,app-degradacao-57f8dfd878-w89qn,app,tcc-degradacao,x86,1759904170.0,0.0,0.0,0.0,1759903560.0,0.0,0.0,0.6593447298723908,1.0,0.5,0.0,0.00045644064971385164,0.0,0.0,18653184.0,0.011112551627062766,536870912.0,1.0,0.0,0.5,21037056.0,40771584.0,22523904.0,0.0,0.0,0.0,0.0,0.0,0.0,0.0,0.0,0.0,1.0,1.0,1.0,1.0,4.195404052734375,0.515973465343572,0.457504509574499,0.0,0.5,0,0,0.0,0.0,0.0,514347008.0,95.80459594726562,0,0,0.6666666666666666,0.6666666666666666,0,0,6,2,16,madrugada,0,4.195658365885417,0.0004404838146947278,0.0,0.0,0,0,0,0,0,0,0,0,0,0,0
2025-10-08 06:16:42,app-degradacao-57f8dfd878-w89qn,app,tcc-degradacao,x86,1759904200.0,0.0,0.0,0.0,1759903560.0,0.0,0.0,0.6563877695334571,1.0,0.5,0.0,0.00045492070903412876,0.0,0.0,18653184.0,0.010150326332991606,536870912.0,1.0,0.0,0.5,21037056.0,40771584.0,22523904.0,0.0,0.0,0.0,0.0,0.0,0.0,0.0,0.0,0.0,1.0,1.0,1.0,1.0,4.195404052734375,0.515973465343572,0.457504509574499,0.0,0.5,0,0,0.0,0.0,0.0,514347008.0,95.80459594726562,0,0,0.6666666666666666,0.6666666666666666,0,0,6,2,16,madrugada,0,4.195404052734375,0.0,0.0,0.0,0,0,0,0,0,0,0,0,0,0,0
2025-10-08 06:17:12,app-degradacao-57f8dfd878-w89qn,app,tcc-degradacao,x86,1759904230.0,0.0,0.0,0.0,1759903560.0,0.0,0.0,0.655557435290137,1.0,0.5,0.0,0.00046191422771104724,0.0,0.0,18653184.0,0.010573507020808661,536870912.0,1.0,0.0,0.5,21037056.0,40771584.0,22523904.0,0.0,0.0,0.0,0.0,0.0,0.0,0.0,0.0,0.0,1.0,1.0,1.0,1.0,4.195404052734375,0.515973465343572,0.457504509574499,0.0,0.5,0,0,0.0,0.0,0.0,514347008.0,95.80459594726562,0,0,0.6666666666666666,0.6666666666666666,0,0,6,2,17,madrugada,0,4.195404052734375,0.0,0.0,0.0,0,0,0,0,0,0,0,0,0,0,0
2025-10-08 06:17:42,app-degradacao-57f8dfd878-w89qn,app,tcc-degradacao,x86,1759904260.0,0.0,0.0,0.0,1759903560.0,0.0,0.0,0.6482867964414691,1.0,0.5,0.0,0.00045594996917114425,0.0,0.0,18653184.0,0.010569893420241346,536870912.0,1.0,0.0,0.5,21037056.0,40767488.0,22519808.0,0.0,0.0,0.0,0.0,0.0,0.0,0.0,0.0,0.0,1.0,1.0,1.0,1.0,4.19464111328125,0.5160253063415311,0.4575504760668483,0.0,0.5,0,0,0.0,0.0,0.0,514351104.0,95.80535888671875,0,0,0.6666666666666666,0.6666666666666666,0,0,6,2,17,madrugada,0,4.195149739583333,0.00044048381469870187,0.0,-0.00018185124568104172,0,0,0,0,0,0,0,0,0,0,0
2025-10-08 06:18:12,app-degradacao-57f8dfd878-w89qn,app,tcc-degradacao,x86,1759904290.0,0.0,0.0,0.0,1759903560.0,0.0,0.0,0.6411604314389225,1.0,0.5,0.0,0.0004560960223923558,0.0,0.0,18653184.0,0.010341297281272945,536870912.0,1.0,0.0,0.5,21037056.0,40767488.0,22519808.0,0.0,0.0,0.0,0.0,0.0,0.0,0.0,0.0,0.0,1.0,1.0,1.0,1.0,4.19464111328125,0.5160253063415311,0.4575504760668483,0.0,0.5,0,0,0.0,0.0,0.0,514351104.0,95.80535888671875,0,0,0.6666666666666666,0.6666666666666666,0,0,6,2,18,madrugada,0,4.194895426432292,0.00044048381470068894,0.0,0.0,0,0,0,0,0,0,0,0,0,0,0
2025-10-08 06:18:42,app-degradacao-57f8dfd878-w89qn,app,tcc-degradacao,x86,1759904320.0,0.0,0.0,0.0,1759903560.0,0.0,0.0,0.6535243635319041,1.0,0.5,0.0,0.00045820316707960814,0.0,0.0,18653184.0,0.01077237961865776,536870912.0,1.0,0.0,0.5,21037056.0,40771584.0,22523904.0,0.0,0.0,0.0,0.0,0.0,0.0,0.0,0.0,0.0,1.0,1.0,1.0,1.0,4.195404052734375,0.515973465343572,0.457504509574499,0.0,0.5,0,0,0.0,0.0,0.0,514347008.0,95.80459594726562,0,0,0.6666666666666666,0.6666666666666666,0,0,6,2,18,madrugada,0,4.194895426432292,0.00044048381470068894,0.0,0.00018188432157151269,0,0,0,0,0,0,0,0,0,0,0
2025-10-08 06:19:12,app-degradacao-57f8dfd878-w89qn,app,tcc-degradacao,x86,1759904350.0,0.0,0.0,0.0,1759903560.0,0.0,0.0,0.6331048334279351,1.0,0.5,0.0,0.00045258263109636265,0.0,0.0,18653184.0,0.010915600576343708,536870912.0,1.0,0.0,0.5,21037056.0,40767488.0,22519808.0,0.0,0.0,0.0,0.0,0.0,0.0,0.0,0.0,0.0,1.0,1.0,1.0,1.0,4.19464111328125,0.5160253063415311,0.4575504760668483,0.0,0.5,0,0,0.0,0.0,0.0,514351104.0,95.80535888671875,0,0,0.6666666666666666,0.6666666666666666,0,0,6,2,19,madrugada,0,4.194895426432292,0.00044048381470068894,0.0,-0.00018185124568104172,0,0,0,0,0,0,0,0,0,0,0
2025-10-08 06:19:42,app-degradacao-57f8dfd878-w89qn,app,tcc-degradacao,x86,1759904380.0,0.0,0.0,0.0,1759903560.0,0.0,0.0,0.6327477581678891,1.0,0.5,0.0,0.00045241464709004083,0.0,0.0,15597568.0,0.003401869667569296,536870912.0,1.0,0.0,0.5,21041152.0,37715968.0,24596480.0,0.0,0.0,0.0,0.0,0.0,0.0,0.0,0.0,0.0,1.0,1.0,1.0,1.0,4.581451416015625,0.5578844335140906,0.4135534208334936,0.0,0.5,0,0,0.0,0.0,0.0,512274432.0,95.41854858398438,0,0,0.6666666666666666,0.6666666666666666,0,0,6,2,19,madrugada,0,4.323832194010417,0.22310511688334866,0.0,0.09221535103674072,0,0,0,0,0,0,0,0,0,0,0
2025-10-08 06:20:12,app-degradacao-57f8dfd878-w89qn,app,tcc-degradacao,x86,1759904410.0,0.0,0.0,0.0,1759903560.0,0.0,0.0,0.6436085901206082,1.0,0.5,0.0,0.0004508101594300639,0.0,0.0,15597568.0,0.006846899894900087,536870912.0,1.0,0.0,0.5,21045248.0,37724160.0,24604672.0,0.0,0.0,0.0,0.0,0.0,0.0,0.0,0.0,0.0,1.0,1.0,1.0,1.0,4.582977294921875,0.5578718636048658,0.4134636155327616,0.0,0.5,0,0,0.0,0.0,0.0,512266240.0,95.41702270507812,0,0,0.6666666666666666,0.6666666666666666,0,0,6,2,20,madrugada,0,4.453023274739583,0.22376681634454249,0.0,0.00033305578684439396,0,0,0,0,0,0,0,0,0,0,0
2025-10-08 06:20:42,app-degradacao-57f8dfd878-w89qn,app,tcc-degradacao,x86,1759904440.0,0.0,0.0,0.0,1759903560.0,0.0,0.0,0.6463297702333178,1.0,0.5,0.0,0.0004546787883092441,0.0,0.0,15597568.0,0.007102524947618877,536870912.0,1.0,0.0,0.5,21045248.0,37720064.0,24600576.0,0.0,0.0,0.0,0.0,0.0,0.0,0.0,0.0,0.0,1.0,1.0,1.0,1.0,4.58221435546875,0.5579324425872543,0.41350851330717486,0.0,0.5,0,0,0.0,0.0,0.0,512270336.0,95.41778564453125,0,0,0.6666666666666666,0.6666666666666666,0,0,6,2,20,madrugada,0,4.58221435546875,0.000762939749329177,0.0,-0.00016647244880974021,0,0,0,0,0,0,0,0,0,0,0
2025-10-08 06:21:12,app-degradacao-57f8dfd878-w89qn,app,tcc-degradacao,x86,1759904470.0,0.0,0.0,0.0,1759903560.0,0.0,0.0,0.6466888487895445,1.0,0.5,0.0,0.0004452452723916013,0.0,0.0,15597568.0,0.006953643535371446,536870912.0,1.0,0.0,0.5,21045248.0,37720064.0,24600576.0,0.0,0.0,0.0,0.0,0.0,0.0,0.0,0.0,0.0,1.0,1.0,1.0,1.0,4.58221435546875,0.5579324425872543,0.41350851330717486,0.0,0.5,0,0,0.0,0.0,0.0,512270336.0,95.41778564453125,0,0,0.6666666666666666,0.6666666666666666,0,0,6,2,21,madrugada,0,4.582468668619792,0.0004404838116752818,0.0,0.0,0,0,0,0,0,0,0,0,0,0,0
2025-10-08 06:21:42,app-degradacao-57f8dfd878-w89qn,app,tcc-degradacao,x86,1759904500.0,0.0,0.0,0.0,1759903560.0,0.0,0.0,0.6534891401347733,1.0,0.5,0.0,0.0004472044015655633,0.0,0.0,15597568.0,0.007026764947685735,536870912.0,1.0,0.0,0.5,21045248.0,37724160.0,24604672.0,0.0,0.0,0.0,0.0,0.0,0.0,0.0,0.0,0.0,1.0,1.0,1.0,1.0,4.582977294921875,0.5578718636048658,0.4134636155327616,0.0,0.5,0,0,0.0,0.0,0.0,512266240.0,95.41702270507812,0,0,0.6666666666666666,0.6666666666666666,0,0,6,2,21,madrugada,0,4.582468668619792,0.0004404838116752818,0.0,0.00016650016650010535,0,0,0,0,0,0,0,0,0,0,0
2025-10-08 06:22:12,app-degradacao-57f8dfd878-w89qn,app,tcc-degradacao,x86,1759904530.0,0.0,0.0,0.0,1759903560.0,0.0,0.0,0.6594938214947392,1.0,0.5,0.0,0.00044843880135298197,0.0,0.0,15597568.0,0.006798905376234426,536870912.0,1.0,0.0,0.5,21045248.0,37720064.0,24600576.0,0.0,0.0,0.0,0.0,0.0,0.0,0.0,0.0,0.0,1.0,1.0,1.0,1.0,4.58221435546875,0.5579324425872543,0.41350851330717486,0.0,0.5,0,0,0.0,0.0,0.0,512270336.0,95.41778564453125,0,0,0.6666666666666666,0.6666666666666666,0,0,6,2,22,madrugada,0,4.582468668619792,0.0004404838116752818,0.0,-0.00016647244880974021,0,0,0,0,0,0,0,0,0,0,0
2025-10-08 06:22:42,app-degradacao-57f8dfd878-w89qn,app,tcc-degradacao,x86,1759904560.0,0.0,0.0,0.0,1759903560.0,0.0,0.0,0.6440750347415475,1.0,0.5,0.0,0.0004474046226385375,0.0,0.0,15597568.0,0.00700081559501682,536870912.0,1.0,0.0,0.5,21045248.0,37720064.0,24600576.0,0.0,0.0,0.0,0.0,0.0,0.0,0.0,0.0,0.0,1.0,1.0,1.0,1.0,4.58221435546875,0.5579324425872543,0.41350851330717486,0.0,0.5,0,0,0.0,0.0,0.0,512270336.0,95.41778564453125,0,0,0.6666666666666666,0.6666666666666666,0,0,6,2,22,madrugada,0,4.582468668619792,0.0004404838116752818,0.0,0.0,0,0,0,0,0,0,0,0,0,0,0
2025-10-08 06:23:12,app-degradacao-57f8dfd878-w89qn,app,tcc-degradacao,x86,1759904590.0,0.0,0.0,0.0,1759903560.0,0.0,0.0,0.6053176279180043,1.0,0.5,0.0,0.0004331047627753318,0.0,0.0,15597568.0,0.007121383857858874,536870912.0,1.0,0.0,0.5,21045248.0,37720064.0,24600576.0,0.0,0.0,0.0,0.0,0.0,0.0,0.0,0.0,0.0,1.0,1.0,1.0,1.0,4.58221435546875,0.5579324425872543,0.41350851330717486,0.0,0.5,0,0,0.0,0.0,0.0,512270336.0,95.41778564453125,0,0,0.6666666666666666,0.6666666666666666,0,0,6,2,23,madrugada,0,4.58221435546875,0.0,0.0,0.0,0,0,0,0,0,0,0,0,0,0,0
2025-10-08 06:23:42,app-degradacao-57f8dfd878-w89qn,app,tcc-degradacao,x86,1759904620.0,0.0,0.0,0.0,1759903560.0,0.0,0.0,0.633541185341785,1.0,0.5,0.0,0.00044994163846145914,0.0,0.0,15597568.0,0.006886317231975925,536870912.0,1.0,0.0,0.5,21045248.0,37720064.0,24600576.0,0.0,0.0,0.0,0.0,0.0,0.0,0.0,0.0,0.0,1.0,1.0,1.0,1.0,4.58221435546875,0.5579324425872543,0.41350851330717486,0.0,0.5,0,0,0.0,0.0,0.0,512270336.0,95.41778564453125,0,0,0.6666666666666666,0.6666666666666666,0,0,6,2,23,madrugada,0,4.58221435546875,0.0,0.0,0.0,0,0,0,0,0,0,0,0,0,0,0
2025-10-08 06:24:12,app-degradacao-57f8dfd878-w89qn,app,tcc-degradacao,x86,1759904650.0,0.0,0.0,0.0,1759903560.0,0.0,0.0,0.6400588309393543,1.0,0.5,0.0,0.0004497162292363897,0.0,0.0,15597568.0,0.006809136499354834,536870912.0,1.0,0.0,0.5,21045248.0,37720064.0,24600576.0,0.0,0.0,0.0,0.0,0.0,0.0,0.0,0.0,0.0,1.0,1.0,1.0,1.0,4.58221435546875,0.5579324425872543,0.41350851330717486,0.0,0.5,0,0,0.0,0.0,0.0,512270336.0,95.41778564453125,0,0,0.6666666666666666,0.6666666666666666,0,0,6,2,24,madrugada,0,4.58221435546875,0.0,0.0,0.0,0,0,0,0,0,0,0,0,0,0,0
2025-10-08 06:24:42,app-degradacao-57f8dfd878-w89qn,app,tcc-degradacao,x86,1759904680.0,0.0,0.0,0.0,1759903560.0,0.0,0.0,0.6380650306976055,1.0,0.5,0.0,0.00045071504089922647,0.0,0.0,15597568.0,0.00370968041103259,536870912.0,1.0,0.0,0.5,21045248.0,37724160.0,24604672.0,0.0,0.0,0.0,0.0,0.0,0.0,0.0,0.0,0.0,1.0,1.0,1.0,1.0,4.582977294921875,0.5578718636048658,0.4134636155327616,0.0,0.5,0,0,0.0,0.0,0.0,512266240.0,95.41702270507812,0,0,0.6666666666666666,0.6666666666666666,0,0,6,2,24,madrugada,0,4.582468668619792,0.0004404838116752818,0.0,0.00016650016650010535,0,0,0,0,0,0,0,0,0,0,0
2025-10-08 06:25:12,app-degradacao-57f8dfd878-w89qn,app,tcc-degradacao,x86,1759904710.0,0.0,0.0,0.0,1759903560.0,0.0,0.0,0.6423854910514206,1.0,0.5,0.0,0.00045007693686695136,0.0,0.0,15065088.0,0.0,536870912.0,1.0,0.0,0.5,21045248.0,37187584.0,24600576.0,0.0,0.0,0.0,0.0,0.0,0.0,0.0,0.0,0.0,1.0,1.0,1.0,1.0,4.58221435546875,0.5659213417596222,0.40511068411675566,0.0,0.5,0,0,0.0,0.0,0.0,512270336.0,95.41778564453125,0,0,0.6666666666666666,0.6666666666666666,0,0,6,2,25,madrugada,0,4.582468668619792,0.0004404838116752818,0.0,-0.00016647244880974021,0,0,0,0,0,0,0,0,0,0,0
2025-10-08 06:25:42,app-degradacao-57f8dfd878-w89qn,app,tcc-degradacao,x86,1759904740.0,0.0,0.0,0.0,1759903560.0,0.0,0.0,0.6300954594621085,1.0,0.5,0.0,0.0004504377413178098,0.0,0.0,15065088.0,0.0,536870912.0,1.0,0.0,0.5,21045248.0,37191680.0,24604672.0,0.0,0.0,0.0,0.0,0.0,0.0,0.0,0.0,0.0,1.0,1.0,1.0,1.0,4.582977294921875,0.5658590156223376,0.40506606840384546,0.0,0.5,0,0,0.0,0.0,0.0,512266240.0,95.41702270507812,0,0,0.6666666666666666,0.6666666666666666,0,0,6,2,25,madrugada,0,4.582722981770833,0.00044048381167329474,0.0,0.00016650016650010535,0,0,0,0,0,0,0,0,0,0,0
2025-10-08 06:26:12,app-degradacao-57f8dfd878-w89qn,app,tcc-degradacao,x86,1759904770.0,0.0,0.0,0.0,1759903560.0,0.0,0.0,0.6362498204133572,1.0,0.5,0.0,0.0004584385197955791,0.0,0.0,15065088.0,0.0,536870912.0,1.0,0.0,0.5,21045248.0,37191680.0,24604672.0,0.0,0.0,0.0,0.0,0.0,0.0,0.0,0.0,0.0,1.0,1.0,1.0,1.0,4.582977294921875,0.5658590156223376,0.40506606840384546,0.0,0.5,0,0,0.0,0.0,0.0,512266240.0,95.41702270507812,0,0,0.6666666666666666,0.6666666666666666,0,0,6,2,26,madrugada,0,4.582722981770833,0.00044048381167329474,0.0,0.0,0,0,0,0,0,0,0,0,0,0,0
2025-10-08 06:26:42,app-degradacao-57f8dfd878-w89qn,app,tcc-degradacao,x86,1759904800.0,0.0,0.0,0.0,1759903560.0,0.0,0.0,0.6450194238803783,1.0,0.5,0.0,0.0004517444843509493,0.0,0.0,15065088.0,0.0,536870912.0,1.0,0.0,0.5,21045248.0,37187584.0,24600576.0,0.0,0.0,0.0,0.0,0.0,0.0,0.0,0.0,0.0,1.0,1.0,1.0,1.0,4.58221435546875,0.5659213417596222,0.40511068411675566,0.0,0.5,0,0,0.0,0.0,0.0,512270336.0,95.41778564453125,0,0,0.6666666666666666,0.6666666666666666,0,0,6,2,26,madrugada,0,4.582722981770833,0.00044048381167329474,0.0,-0.00016647244880974021,0,0,0,0,0,0,0,0,0,0,0
2025-10-08 06:27:12,app-degradacao-57f8dfd878-w89qn,app,tcc-degradacao,x86,1759904830.0,0.0,0.0,0.0,1759903560.0,0.0,0.0,0.6450383358010935,1.0,0.5,0.0,0.0004499032442496298,0.0,0.0,15065088.0,0.0,536870912.0,1.0,0.0,0.5,21045248.0,37191680.0,24604672.0,0.0,0.0,0.0,0.0,0.0,0.0,0.0,0.0,0.0,1.0,1.0,1.0,1.0,4.582977294921875,0.5658590156223376,0.40506606840384546,0.0,0.5,0,0,0.0,0.0,0.0,512266240.0,95.41702270507812,0,0,0.6666666666666666,0.6666666666666666,0,0,6,2,27,madrugada,0,4.582722981770833,0.00044048381167329474,0.0,0.00016650016650010535,0,0,0,0,0,0,0,0,0,0,0
2025-10-08 06:27:42,app-degradacao-57f8dfd878-w89qn,app,tcc-degradacao,x86,1759904860.0,0.0,0.0,0.0,1759903560.0,0.0,0.0,0.6504020037917053,1.0,0.5,0.0,0.000453181434482377,0.0,0.0,15065088.0,0.0,536870912.0,1.0,0.0,0.5,21045248.0,37191680.0,24604672.0,0.0,0.0,0.0,0.0,0.0,0.0,0.0,0.0,0.0,1.0,1.0,1.0,1.0,4.582977294921875,0.5658590156223376,0.40506606840384546,0.0,0.5,0,0,0.0,0.0,0.0,512266240.0,95.41702270507812,0,0,0.6666666666666666,0.6666666666666666,0,0,6,2,27,madrugada,0,4.582722981770833,0.00044048381167329474,0.0,0.0,0,0,0,0,0,0,0,0,0,0,0
2025-10-08 06:28:12,app-degradacao-57f8dfd878-w89qn,app,tcc-degradacao,x86,1759904890.0,0.0,0.0,0.0,1759903560.0,0.0,0.0,0.6625158505136279,1.0,0.5,0.0,0.00045395871030247734,0.0,0.0,15065088.0,0.0,536870912.0,1.0,0.0,0.5,21045248.0,37187584.0,24600576.0,0.0,0.0,0.0,0.0,0.0,0.0,0.0,0.0,0.0,1.0,1.0,1.0,1.0,4.58221435546875,0.5659213417596222,0.40511068411675566,0.0,0.5,0,0,0.0,0.0,0.0,512270336.0,95.41778564453125,0,0,0.6666666666666666,0.6666666666666666,0,0,6,2,28,madrugada,0,4.582722981770833,0.00044048381167329474,0.0,-0.00016647244880974021,0,0,0,0,0,0,0,0,0,0,0
2025-10-08 06:28:42,app-degradacao-57f8dfd878-w89qn,app,tcc-degradacao,x86,1759904920.0,0.0,0.0,0.0,1759903560.0,0.0,0.0,0.664224329783956,1.0,0.5,0.0,0.0004516725442530902,0.0,0.0,15065088.0,0.0,536870912.0,1.0,0.0,0.5,21045248.0,37191680.0,24604672.0,0.0,0.0,0.0,0.0,0.0,0.0,0.0,0.0,0.0,1.0,1.0,1.0,1.0,4.582977294921875,0.5658590156223376,0.40506606840384546,0.0,0.5,0,0,0.0,0.0,0.0,512266240.0,95.41702270507812,0,0,0.6666666666666666,0.6666666666666666,0,0,6,2,28,madrugada,0,4.582722981770833,0.00044048381167329474,0.0,0.00016650016650010535,0,0,0,0,0,0,0,0,0,0,0
2025-10-08 06:29:12,app-degradacao-57f8dfd878-w89qn,app,tcc-degradacao,x86,1759904950.0,0.0,0.0,0.0,1759903560.0,0.0,0.0,0.6662437672541187,1.0,0.5,0.0,0.0004599881635415817,0.0,0.0,15065088.0,0.0,536870912.0,1.0,0.0,0.5,21045248.0,37191680.0,24604672.0,0.0,0.0,0.0,0.0,0.0,0.0,0.0,0.0,0.0,1.0,1.0,1.0,1.0,4.582977294921875,0.5658590156223376,0.40506606840384546,0.0,0.5,0,0,0.0,0.0,0.0,512266240.0,95.41702270507812,0,0,0.6666666666666666,0.6666666666666666,0,0,6,2,29,madrugada,0,4.582722981770833,0.00044048381167329474,0.0,0.0,0,0,0,0,0,0,0,0,0,0,0
2025-10-08 06:29:42,app-degradacao-57f8dfd878-w89qn,app,tcc-degradacao,x86,1759904980.0,0.0,0.0,0.0,1759903560.0,0.0,0.0,0.6550048787734526,1.0,0.5,0.0,0.00046306481509617427,0.0,0.0,15065088.0,0.0,536870912.0,1.0,0.0,0.5,21045248.0,37187584.0,24600576.0,0.0,0.0,0.0,0.0,0.0,0.0,0.0,0.0,0.0,1.0,1.0,1.0,1.0,4.58221435546875,0.5659213417596222,0.40511068411675566,0.0,0.5,0,0,0.0,0.0,0.0,512270336.0,95.41778564453125,0,0,0.6666666666666666,0.6666666666666666,0,0,6,2,29,madrugada,0,4.582722981770833,0.00044048381167329474,0.0,-0.00016647244880974021,0,0,0,0,0,0,0,0,0,0,0
2025-10-08 06:30:12,app-degradacao-57f8dfd878-w89qn,app,tcc-degradacao,x86,1759905010.0,0.0,0.0,0.0,1759903560.0,0.0,0.0,0.6983451235030066,1.0,0.5,0.0,0.000510815955843101,55.00810818977529,13.752027047443823,15089664.0,4.834697008866969,536870912.0,1.0,0.0,0.5,26943488.0,43237376.0,30642176.0,0.0,0.0,0.0,0.0,0.0,0.0,0.0,0.0,0.0,1.0,1.0,2.0,3.0,5.707550048828125,0.6231526949472443,0.3489958236828289,68.76013523721912,1.5,0,0,0.0,0.0,0.0,506228736.0,94.29244995117188,0,0,0.6666666666666666,0.6666666666666666,0,0,6,2,30,madrugada,0,4.95758056640625,0.6494927358660009,0.0,0.24558774558774554,0,0,0,0,0,0,0,0,0,0,0
2025-10-08 06:30:42,app-degradacao-57f8dfd878-w89qn,app,tcc-degradacao,x86,1759905040.0,0.0,0.0,0.0,1759903560.0,0.0,0.0,0.854326924733109,1.0,0.5,0.0,0.0006799202168888031,56.44069489849701,98.77121607236977,15097856.0,21.795671180590244,536870912.0,1.0,0.0,0.5,46960640.0,63307776.0,50704384.0,0.0,0.0,0.0,0.0,0.0,0.0,0.0,0.0,0.0,1.0,1.0,2.0,3.0,9.444427490234375,0.7417831145769026,0.23848343308595404,155.21191097086677,1.5,0,0,0.0,0.0,0.0,486166528.0,90.55557250976562,0,0,0.6666666666666666,0.6666666666666666,0,0,6,2,30,madrugada,0,6.57806396484375,2.5453143225257904,0.0,0.6547253041037295,0,0,0,0,0,0,0,0,0,0,0
2025-10-08 06:31:12,app-degradacao-57f8dfd878-w89qn,app,tcc-degradacao,x86,1759905070.0,0.0,0.0,0.0,1759903560.0,0.0,0.0,1.0191846522781773,1.0,0.5,0.0,0.0009585167160389333,57.77965862604034,173.338975878121,13967360.0,40.22429115531104,536870912.0,1.0,0.0,0.5,67764224.0,83025920.0,73015296.0,0.0,0.0,0.0,0.0,0.0,0.0,0.0,0.0,0.0,1.0,1.0,2.0,3.0,13.60015869140625,0.8161815392568785,0.1682289076925747,231.11863450416135,1.5,0,0,0.0,0.0,0.0,463855616.0,86.39984130859375,0,0,0.6666666666666666,0.6666666666666666,0,0,6,2,31,madrugada,0,9.58404541015625,3.948156236637252,0.0,0.44001938767267146,0,0,0,0,0,0,0,0,0,0,0
2025-10-08 06:31:42,app-degradacao-57f8dfd878-w89qn,app,tcc-degradacao,x86,1759905100.0,0.0,0.0,0.0,1759903560.0,0.0,0.0,1.1695618018297302,1.0,0.5,0.0,0.0011487492381995793,57.71717036499488,274.15655923372566,13971456.0,59.35173866634727,536870912.0,1.0,0.0,0.5,90042368.0,105345024.0,95330304.0,0.0,0.0,0.0,0.0,0.0,0.0,0.0,0.0,0.0,1.0,1.0,2.0,3.0,17.75665283203125,0.8547377344112833,0.13262568403206512,331.87372959872056,1.5,0,0,0.0,0.0,0.0,441540608.0,82.24334716796875,0,0,0.6666666666666666,0.6666666666666666,0,0,6,2,31,madrugada,0,13.600413004557291,4.156112676734031,0.0,0.30562100302928297,0,0,0,0,0,0,0,0,0,0,0
2025-10-08 06:32:12,app-degradacao-57f8dfd878-w89qn,app,tcc-degradacao,x86,1759905130.0,0.0,0.0,0.0,1759903560.0,0.0,0.0,1.3759169920601697,1.0,0.5,0.0,0.0014022618565615109,56.21701745115666,407.57337652088574,13983744.0,85.44753329993617,536870912.0,1.0,0.0,0.5,122867712.0,138223616.0,128196608.0,0.0,0.0,0.0,0.0,0.0,0.0,0.0,0.0,0.0,1.0,1.0,1.0,2.0,23.87847900390625,0.8889053453144696,0.10116754505129177,463.7903939720424,1.0,0,0,0.0,0.0,0.0,408674304.0,76.12152099609375,0,0,0.6666666666666666,0.6666666666666666,0,0,6,2,32,madrugada,0,18.411763509114582,5.170381476352524,0.0,0.3447623958064794,0,0,0,0,0,0,0,0,0,0,0
2025-10-08 06:32:42,app-degradacao-57f8dfd878-w89qn,app,tcc-degradacao,x86,1759905160.0,0.0,0.0,0.0,1759903560.0,0.0,0.0,1.5222570361723766,1.0,0.5,0.0,0.0015637777914303073,55.9207607189422,489.30665629074423,13991936.0,102.42127610192978,536870912.0,1.0,0.0,0.5,143671296.0,159076352.0,149041152.0,0.0,0.0,0.0,0.0,0.0,0.0,0.0,0.0,0.0,1.0,1.0,1.0,2.0,27.761077880859375,0.9031593526663262,0.08795735969632143,545.2274170096864,1.0,0,0,0.0,0.0,0.0,387829760.0,72.23892211914062,0,0,0.6666666666666666,0.6666666666666666,0,0,6,2,32,madrugada,0,23.132069905598957,5.043805611433906,0.0,0.16259824908939868,0,0,0,0,0,0,0,0,0,0,0
2025-10-08 06:33:12,app-degradacao-57f8dfd878-w89qn,app,tcc-degradacao,x86,1759905190.0,0.0,0.0,0.0,1759903560.0,0.0,0.0,1.6600035966744595,1.0,0.5,0.0,0.0017400849368506967,56.66145609982155,580.7799250231709,14000128.0,120.08396851526511,536870912.0,1.0,0.0,0.5,162885632.0,178335744.0,168292352.0,0.0,0.0,0.0,0.0,0.0,0.0,0.0,0.0,0.0,1.0,1.0,1.0,2.0,31.346893310546875,0.9133650239328072,0.07850432901155066,637.4413811229924,1.0,0,0,0.0,0.0,0.0,368578560.0,68.65310668945312,0,0,0.6666666666666666,0.6666666666666666,0,0,6,2,33,madrugada,0,27.662150065104168,3.735189834326557,0.0,0.129167010195949,0,0,0,0,0,0,0,0,0,0,0
2025-10-08 06:33:42,app-degradacao-57f8dfd878-w89qn,app,tcc-degradacao,x86,1759905220.0,0.0,0.0,0.0,1759903560.0,0.0,0.0,1.8826178787737522,1.0,0.5,0.0,0.0021317294624319115,58.752021573007916,719.712264269347,14008320.0,147.7514370649808,536870912.0,1.0,0.0,0.5,189292544.0,204800000.0,194748416.0,0.0,0.0,0.0,0.0,0.0,0.0,0.0,0.0,0.0,1.0,1.0,1.0,2.0,36.27471923828125,0.9242799954869141,0.06839999966601562,778.4642858423549,1.0,0,0,0.0,0.0,0.0,342122496.0,63.72528076171875,0,0,0.6666666666666666,0.6666666666666666,0,0,6,2,33,madrugada,0,31.794230143229168,4.274412821909811,0.0,0.15720300825078493,0,0,0,0,0,0,0,0,0,0,0
2025-10-08 06:34:12,app-degradacao-57f8dfd878-w89qn,app,tcc-degradacao,x86,1759905250.0,0.0,0.0,0.0,1759903560.0,0.0,0.0,2.059069102642118,1.0,0.5,0.0,0.0023197182400973636,57.965271782969864,811.5138049615781,14016512.0,166.6077013429942,536870912.0,1.0,0.0,0.5,213291008.0,228855808.0,218796032.0,0.0,0.0,0.0,0.0,0.0,0.0,0.0,0.0,0.0,1.0,1.0,1.0,2.0,40.753936767578125,0.9319886129698373,0.06124603985909748,869.4790767445479,1.0,0,0,0.0,0.0,0.0,318074880.0,59.246063232421875,0,0,0.6666666666666666,0.6666666666666666,0,0,6,2,34,madrugada,0,36.12518310546875,4.705304181653007,0.0,0.1234804189626888,0,0,0,0,0,0,0,0,0,0,0
2025-10-08 06:34:42,app-degradacao-57f8dfd878-w89qn,app,tcc-degradacao,x86,1759905280.0,0.0,0.0,0.0,1759903560.0,0.0,0.0,2.2349065116571882,1.0,0.5,0.0,0.0025195440650815967,57.30314285914143,902.5245000314775,14024704.0,188.0679075818941,536870912.0,1.0,0.0,0.5,240513024.0,256143360.0,246075392.0,0.0,0.0,0.0,0.0,0.0,0.0,0.0,0.0,0.0,1.0,1.0,1.0,2.0,45.835113525390625,0.9389781685577242,0.054753337916886316,959.8276428906189,1.0,0,0,0.0,0.0,0.0,290795520.0,54.164886474609375,0,0,0.6666666666666666,0.6666666666666666,0,0,6,2,34,madrugada,0,40.95458984375,4.783354573307482,0.0,0.12467940917685372,0,0,0,0,0,0,0,0,0,0,0
2025-10-08 06:35:12,app-degradacao-57f8dfd878-w89qn,app,tcc-degradacao,x86,1759905310.0,0.0,0.0,0.0,1759903560.0,0.0,0.0,2.2878044031542495,1.0,0.5,0.0,0.0025751811468228032,0.0,968.4157823734754,14036992.0,194.9605718815627,536870912.0,1.0,0.0,0.5,266121216.0,281808896.0,271728640.0,0.0,0.0,0.0,0.0,0.0,0.0,0.0,0.0,0.0,1.0,1.0,1.0,2.0,50.6134033203125,0.9443322011228056,0.04981032234762978,968.4157823734754,1.0,0,0,0.0,0.0,0.0,265142272.0,49.3865966796875,0,0,0.6666666666666666,0.6666666666666666,0,0,6,2,35,madrugada,0,45.734151204427086,4.930508616645244,0.0,0.1042495464154336,0,0,0,0,0,0,0,0,0,0,0
2025-10-08 06:35:42,app-degradacao-57f8dfd878-w89qn,app,tcc-degradacao,x86,1759905340.0,0.0,0.0,0.0,1759903560.0,0.0,0.0,2.3242975241484314,1.0,0.5,0.0,0.0028320668666289247,0.0,979.3977924448022,6205440.0,195.1987960068498,536870912.0,1.0,0.0,0.5,284528640.0,292409344.0,288038912.0,0.0,0.0,0.0,0.0,0.0,0.0,0.0,0.0,0.0,1.0,1.0,1.0,2.0,53.65142822265625,0.9730490658566333,0.021221756780721218,979.3977924448022,1.0,0,0,0.0,0.0,0.0,248832000.0,46.34857177734375,0,0,0.6666666666666666,0.6666666666666666,0,0,6,2,35,madrugada,0,50.03331502278646,3.9403135264047076,0.0,0.06002411817907749,0,0,0,0,0,0,0,0,0,0,0
2025-10-08 06:36:12,app-degradacao-57f8dfd878-w89qn,app,tcc-degradacao,x86,1759905370.0,0.0,0.0,0.0,1759903560.0,0.0,0.0,2.2985682201010667,1.0,0.5,0.0,0.0030361840258281863,0.0,963.0544637843908,2945024.0,194.9150758001123,536870912.0,1.0,0.0,0.5,307736576.0,312401920.0,310231040.0,0.0,0.0,0.0,0.0,0.0,0.0,0.0,0.0,0.0,1.0,1.0,1.0,2.0,57.7850341796875,0.9850662089878762,0.009427035501487841,963.0544637843908,1.0,0,0,0.0,0.0,0.0,226639872.0,42.2149658203125,0,0,0.6666666666666666,0.6666666666666666,0,0,6,2,36,madrugada,0,54.016621907552086,3.599735700909309,0.0,0.07704559028469049,0,0,0,0,0,0,0,0,0,0,0
2025-10-08 06:36:42,app-degradacao-57f8dfd878-w89qn,app,tcc-degradacao,x86,1759905400.0,0.0,0.0,0.0,1759903560.0,0.0,0.0,2.295261628808635,1.0,0.5,0.0,0.003056806002143622,0.0,974.0180519225399,1282048.0,195.6072965884692,536870912.0,1.0,0.0,0.5,330936320.0,333983744.0,333053952.0,0.0,0.0,0.0,0.0,0.0,0.0,0.0,0.0,0.0,1.0,1.0,1.0,2.0,62.0361328125,0.9908755289871967,0.003838653884188286,974.0180519225399,1.0,0,0,0.0,0.0,0.0,203816960.0,37.9638671875,0,0,0.6666666666666666,0.6666666666666666,0,0,6,2,36,madrugada,0,57.824198404947914,4.192489492192215,0.0,0.07356746765249533,0,0,0,0,0,0,0,0,0,0,0
2025-10-08 06:37:12,app-degradacao-57f8dfd878-w89qn,app,tcc-degradacao,x86,1759905430.0,0.0,0.0,0.0,1759903560.0,0.0,0.0,2.303427812914812,1.0,0.5,0.0,0.003084584424710918,0.0,959.4752869524478,962560.0,195.85170041951488,536870912.0,1.0,0.0,0.5,357339136.0,360116224.0,359424000.0,0.0,0.0,0.0,0.0,0.0,0.0,0.0,0.0,0.0,1.0,1.0,1.0,2.0,66.94793701171875,0.9922883535725168,0.002672914834648175,959.4752869524478,1.0,0,0,0.0,0.0,0.0,177446912.0,33.05206298828125,0,0,0.6666666666666666,0.6666666666666666,0,0,6,2,37,madrugada,0,62.256368001302086,4.585419798786348,0.0,0.07917650531286902,0,0,0,0,0,0,0,0,0,0,0
2025-10-08 06:37:42,app-degradacao-57f8dfd878-w89qn,app,tcc-degradacao,x86,1759905460.0,0.0,0.0,0.0,1759903560.0,0.0,0.0,2.2379289715124786,1.0,0.5,0.0,0.002997213231466733,0.0,922.420836962527,970752.0,188.6475597810173,536870912.0,1.0,0.0,0.5,371752960.0,374566912.0,373866496.0,0.0,0.0,0.0,0.0,0.0,0.0,0.0,0.0,0.0,1.0,1.0,1.0,2.0,69.6380615234375,0.9924874490983137,0.002591665110580656,922.420836962527,1.0,0,0,0.0,0.0,0.0,163004416.0,30.3619384765625,0,0,0.6666666666666666,0.6666666666666666,0,0,6,2,37,madrugada,0,66.20737711588542,3.854692173317047,0.0,0.04018233618233613,0,0,0,0,0,0,0,0,0,0,0
2025-10-08 06:38:12,app-degradacao-57f8dfd878-w89qn,app,tcc-degradacao,x86,1759905490.0,0.0,0.0,0.0,1759903560.0,0.0,0.0,2.3170653816948286,1.0,0.5,0.0,0.003083754994287173,0.0,973.7777746236986,978944.0,195.80444393979178,536870912.0,1.0,0.0,0.5,401367040.0,404246528.0,403537920.0,0.0,0.0,0.0,0.0,0.0,0.0,0.0,0.0,0.0,1.0,1.0,1.0,2.0,75.164794921875,0.992876898641225,0.0024216509722956706,973.7777746236986,1.0,0,0,0.0,0.0,0.0,133332992.0,24.835205078125,0,0,0.6666666666666666,0.6666666666666666,0,0,6,2,38,madrugada,0,70.58359781901042,4.189238313059886,0.0,0.07936368815460804,1,0,0,0,0,0,0,0,0,0,1
2025-10-08 06:38:42,app-degradacao-57f8dfd878-w89qn,app,tcc-degradacao,x86,1759905520.0,0.0,0.0,0.0,1759903560.0,0.0,0.0,2.3452238481674494,1.0,0.5,0.0,0.0033676345313518492,310.78354618539,974.7302130359958,1081344.0,195.73996985697585,536870912.0,1.0,0.0,0.5,430170112.0,433209344.0,432398336.0,0.0,0.0,0.0,0.0,0.0,0.0,0.0,0.0,0.0,1.0,1.0,1.0,2.0,80.54046630859375,0.9929843780262866,0.0024961234388884202,1285.5137592213857,1.0,0,0,0.0,0.0,0.0,104472576.0,19.45953369140625,1,0,0.6666666666666666,0.6666666666666666,1,1,6,2,38,madrugada,0,75.11444091796875,5.451376814083915,0.0,0.07151847340641493,1,1,0,0,0,0,0,0,0,0,2
2025-10-08 06:39:12,app-degradacao-57f8dfd878-w89qn,app,tcc-degradacao,x86,1759905550.0,0.0,0.0,0.0,1759903560.0,0.0,0.0,2.357422597381947,1.0,0.5,0.0,0.003372534989751088,311.48396641536954,976.9269855754773,1089536.0,195.50707053947644,536870912.0,1.0,0.0,0.5,455778304.0,458878976.0,458059776.0,0.0,0.0,0.0,0.0,0.0,0.0,0.0,0.0,0.0,1.0,1.0,1.0,2.0,85.32028198242188,0.9932429395212847,0.0023743428106535376,1288.4109519908468,1.0,0,0,0.0,0.0,0.0,78811136.0,14.679718017578125,1,0,0.6666666666666666,0.6666666666666666,1,1,6,2,39,madrugada,0,80.3418477376302,5.080656095602481,0.0,0.05934675937328304,1,1,0,0,0,0,0,0,0,0,2
2025-10-08 06:39:42,app-degradacao-57f8dfd878-w89qn,app,tcc-degradacao,x86,1759905580.0,0.0,0.0,0.0,1759903560.0,0.0,0.0,2.275197342125919,1.0,0.5,0.0,0.0033112535000691915,315.9053665541615,918.9974299757425,1093632.0,189.32516558013907,536870912.0,1.0,0.0,0.5,475783168.0,478928896.0,478105600.0,0.0,0.0,0.0,0.0,0.0,0.0,0.0,0.0,0.0,1.0,1.0,1.0,2.0,89.05410766601562,0.9934317410795115,0.0022834955394224208,1234.902796529904,1.0,0,0,0.0,0.0,0.0,58765312.0,10.945892333984375,1,0,0.6666666666666666,0.6666666666666666,1,1,6,2,39,madrugada,0,84.97161865234375,4.267516476711852,0.0,0.04376246300220865,1,1,0,0,0,0,0,0,0,0,2
2025-10-08 06:40:12,app-degradacao-57f8dfd878-w89qn,app,tcc-degradacao,x86,1759905610.0,0.0,0.0,0.0,1759903560.0,0.0,0.0,2.3376797909173535,1.0,0.5,0.0,0.0031563769853479467,318.68835297903865,956.065058937116,1105920.0,195.84522508567366,536870912.0,1.0,0.0,0.5,500588544.0,503791616.0,502956032.0,0.0,0.0,0.0,0.0,0.0,0.0,0.0,0.0,0.0,1.0,1.0,1.0,2.0,93.682861328125,0.9936420676884744,0.0021951933352634566,1274.7534119161546,1.0,0,0,0.0,0.0,0.0,33914880.0,6.317138671875,1,0,0.6666666666666666,0.6666666666666666,1,1,6,2,40,madrugada,0,89.3524169921875,4.189263022162272,0.0,0.05197686870850293,1,1,1,0,0,0,0,0,0,1,3
2025-10-08 06:40:42,app-degradacao-57f8dfd878-w89qn,app,tcc-degradacao,x86,1759905640.0,0.0,0.0,0.0,1759903560.0,0.0,0.0,2.344678211315438,1.0,0.5,0.0,0.0030362075793738414,315.8200941376035,947.4602824128107,1114112.0,195.45994595674438,536870912.0,1.0,0.0,0.5,525398016.0,528658432.0,527814656.0,0.0,0.0,0.0,0.0,0.0,0.0,0.0,0.0,0.0,1.0,1.0,1.0,2.0,98.31314086914062,0.9938326586762307,0.0021074325697931313,1263.280376550414,1.0,0,0,0.0,0.0,0.0,9056256.0,1.686859130859375,1,0,0.6666666666666666,0.6666666666666666,1,1,6,2,40,madrugada,0,93.68336995442708,4.629516622517794,0.0,0.04942504397680625,1,1,1,0,0,0,0,0,0,1,3
2025-10-08 06:41:12,app-degradacao-57f8dfd878-w89qn,app,tcc-degradacao,x86,1759905670.0,0.0,0.0,0.0,1759905649.0,0.0,0.0,0.04957692224458438,1.0,0.5,0.0,0.0008516203287238416,91530.36974788463,629.5079278928347,18608128.0,34.29388539029193,536870912.0,1.0,0.0,0.5,20963328.0,40656896.0,22409216.0,0.0,0.0,0.0,0.0,0.0,0.0,0.0,0.0,0.0,1.0,1.0,1.0,1.0,4.174041748046875,0.51561554242568,0.45768687167640953,92159.87767577746,0.5,0,0,0.0,0.0,0.0,514461696.0,95.82595825195312,0,0,0.6666666666666666,0.6666666666666666,0,0,6,2,41,madrugada,0,65.3900146484375,53.06511448930462,0.0,-0.9575433994769558,0,0,0,0,0,0,0,0,0,0,0
2025-10-08 06:41:42,app-degradacao-57f8dfd878-w89qn,app,tcc-degradacao,x86,1759905700.0,0.0,0.0,0.0,1759905649.0,0.0,0.0,0.11805828275615853,1.0,0.5,0.0,0.0007349121519844105,72685.19559205047,499.6856170415328,18608128.0,27.371618891070646,536870912.0,1.0,0.0,0.5,20971520.0,40669184.0,22421504.0,0.0,0.0,0.0,0.0,0.0,0.0,0.0,0.0,0.0,1.0,1.0,1.0,1.0,4.17633056640625,0.5156611818014056,0.45754858377417695,73184.881209092,0.5,0,0,0.0,0.0,0.0,514449408.0,95.82366943359375,0,0,0.6666666666666666,0.6666666666666666,0,0,6,2,41,madrugada,0,35.55450439453125,54.350573505932765,0.0,0.00054834582343255,0,0,0,0,0,0,0,0,0,0,0
2025-10-08 06:42:12,app-degradacao-57f8dfd878-w89qn,app,tcc-degradacao,x86,1759905730.0,0.0,0.0,0.0,1759905649.0,0.0,0.0,0.18354430068381955,1.0,0.5,0.0,0.0006927426800150868,62799.97463341041,431.58742821534577,18608128.0,22.75211216608452,536870912.0,1.0,0.0,0.5,20975616.0,40673280.0,22425600.0,0.0,0.0,0.0,0.0,0.0,0.0,0.0,0.0,0.0,1.0,1.0,1.0,1.0,4.177093505859375,0.5157099571091892,0.4575025063751311,63231.56206162576,0.5,0,0,0.0,0.0,0.0,514445312.0,95.82290649414062,0,0,0.6666666666666666,0.6666666666666666,0,0,6,2,42,madrugada,0,4.175821940104167,0.0015881852623872285,0.0,0.0001826817683594495,0,0,0,0,0,0,0,0,0,0,0
2025-10-08 06:42:42,app-degradacao-57f8dfd878-w89qn,app,tcc-degradacao,x86,1759905760.0,0.0,0.0,0.0,1759905649.0,0.0,0.0,0.26017983809561973,1.0,0.5,0.0,0.0007967511848608718,69652.1399388183,478.79123365260017,18608128.0,24.67965642073765,536870912.0,1.0,0.0,0.5,20975616.0,40673280.0,22425600.0,0.0,0.0,0.0,0.0,0.0,0.0,0.0,0.0,0.0,1.0,1.0,1.0,1.0,4.177093505859375,0.5157099571091892,0.4575025063751311,70130.93117247091,0.5,0,0,0.0,0.0,0.0,514445312.0,95.82290649414062,0,0,0.6666666666666666,0.6666666666666666,0,0,6,2,42,madrugada,0,4.176839192708333,0.00044048381482746264,0.0,0.0,0,0,0,0,0,0,0,0,0,0,0
2025-10-08 06:43:12,app-degradacao-57f8dfd878-w89qn,app,tcc-degradacao,x86,1759905790.0,0.0,0.0,0.0,1759905649.0,0.0,0.0,0.3194195806523714,1.0,0.5,0.0,0.0007789697421415253,62783.60911969336,431.47468800973945,18608128.0,21.854338299750967,536870912.0,1.0,0.0,0.5,20987904.0,40685568.0,22437888.0,0.0,0.0,0.0,0.0,0.0,0.0,0.0,0.0,0.0,1.0,1.0,1.0,1.0,4.17938232421875,0.5158562241073733,0.45736432984383235,63215.0838077031,0.5,0,0,0.0,0.0,0.0,514433024.0,95.82061767578125,0,0,0.6666666666666666,0.6666666666666666,0,0,6,2,43,madrugada,0,4.1778564453125,0.001321450067974899,0.0,0.0005479452054795164,0,0,0,0,0,0,0,0,0,0,0
2025-10-08 06:43:42,app-degradacao-57f8dfd878-w89qn,app,tcc-degradacao,x86,1759905820.0,0.0,0.0,0.0,1759905649.0,0.0,0.0,0.3910886006417907,1.0,0.5,0.0,0.0008333315546534601,64512.196372287086,443.3827335276073,18608128.0,22.224603709197098,536870912.0,1.0,0.0,0.5,20992000.0,40689664.0,22441984.0,0.0,0.0,0.0,0.0,0.0,0.0,0.0,0.0,0.0,1.0,1.0,1.0,1.0,4.180145263671875,0.5159049601415986,0.45731828954600634,64955.57910581469,0.5,0,0,0.0,0.0,0.0,514428928.0,95.81985473632812,0,0,0.6666666666666666,0.6666666666666666,0,0,6,2,43,madrugada,0,4.178873697916667,0.0015881852623870684,0.0,0.0001825483753195023,0,0,0,0,0,0,0,0,0,0,0
2025-10-08 06:44:12,app-degradacao-57f8dfd878-w89qn,app,tcc-degradacao,x86,1759905850.0,0.0,0.0,0.0,1759905649.0,0.0,0.0,0.42361111111111116,1.0,0.5,0.0,0.0008583936111111111,64150.18666666667,440.8888888888889,18608128.0,22.035,536870912.0,1.0,0.0,0.5,21000192.0,40726528.0,22478848.0,0.0,0.0,0.0,0.0,0.0,0.0,0.0,0.0,0.0,1.0,1.0,1.0,1.0,4.18701171875,0.5156391304547461,0.4569043436036496,64591.07555555556,0.5,0,0,0.0,0.0,0.0,514392064.0,95.81298828125,0,0,0.6666666666666666,0.6666666666666666,0,0,6,2,44,madrugada,0,4.182179768880208,0.00420194291550536,0.0,0.0016426355174301577,0,0,0,0,0,0,0,0,0,0,0
2025-10-08 06:44:42,app-degradacao-57f8dfd878-w89qn,app,tcc-degradacao,x86,1759905880.0,0.0,0.0,0.0,1759905649.0,0.0,0.0,0.5107410340862696,1.0,0.5,0.0,0.0008959711492037112,62084.25732639115,426.6569312114353,18608128.0,21.195449405831038,536870912.0,1.0,0.0,0.5,21016576.0,40710144.0,22462464.0,0.0,0.0,0.0,0.0,0.0,0.0,0.0,0.0,0.0,1.0,1.0,1.0,1.0,4.1839599609375,0.5162491069486488,0.45708822702547486,62510.914257602584,0.5,0,0,0.0,0.0,0.0,514408448.0,95.8160400390625,0,0,0.6666666666666666,0.6666666666666666,0,0,6,2,44,madrugada,0,4.183705647786458,0.0034402846065143535,0.0,-0.0007288629737609575,0,0,0,0,0,0,0,0,0,0,0
2025-10-08 06:45:12,app-degradacao-57f8dfd878-w89qn,app,tcc-degradacao,x86,1759905910.0,0.0,0.0,0.0,1759905649.0,0.0,0.0,0.5801146603728234,1.0,0.5,0.0,0.0009528389706965912,63797.05226185644,438.45618521130734,18608128.0,21.690135110109416,536870912.0,1.0,0.0,0.5,21024768.0,40722432.0,22474752.0,0.0,0.0,0.0,0.0,0.0,0.0,0.0,0.0,0.0,1.0,1.0,1.0,1.0,4.186248779296875,0.5162944954688734,0.45695030058739367,64235.50844706775,0.5,0,0,0.0,0.0,0.0,514396160.0,95.81375122070312,0,0,0.6666666666666666,0.6666666666666666,0,0,6,2,45,madrugada,0,4.185740152994792,0.0015881852623877083,0.0,0.000547045951859948,0,0,0,0,0,0,0,0,0,0,0
2025-10-08 06:45:42,app-degradacao-57f8dfd878-w89qn,app,tcc-degradacao,x86,1759905940.0,0.0,0.0,0.0,1759905649.0,0.0,0.0,0.6297229659689393,1.0,0.5,0.0,0.0009914968832364138,62891.01752471794,432.21461257768664,18608128.0,21.304857130904068,536870912.0,1.0,0.0,0.5,21037056.0,40730624.0,22482944.0,0.0,0.0,0.0,0.0,0.0,0.0,0.0,0.0,0.0,1.0,1.0,1.0,1.0,4.187774658203125,0.5164923445196336,0.4568583958630637,63323.23213729563,0.5,0,0,0.0,0.0,0.0,514387968.0,95.81222534179688,0,0,0.6666666666666666,0.6666666666666666,0,0,6,2,45,madrugada,0,4.185994466145833,0.0019200223034995037,0.0,0.0003644979041370622,0,0,0,0,0,0,0,0,0,0,0
2025-10-08 06:46:12,app-degradacao-57f8dfd878-w89qn,app,tcc-degradacao,x86,1759905970.0,0.0,0.0,0.0,1759905649.0,0.0,0.0,0.6435941619781177,1.0,0.5,0.0,0.00044599345333250283,0.0,0.0,18608128.0,0.05882312233133334,536870912.0,1.0,0.0,0.5,21037056.0,40730624.0,22482944.0,0.0,0.0,0.0,0.0,0.0,0.0,0.0,0.0,0.0,1.0,1.0,1.0,1.0,4.187774658203125,0.5164923445196336,0.4568583958630637,0.0,0.5,0,0,0.0,0.0,0.0,514387968.0,95.81222534179688,0,0,0.6666666666666666,0.6666666666666666,0,0,6,2,46,madrugada,0,4.187266031901042,0.0008809668553711362,0.0,0.0,0,0,0,0,0,0,0,0,0,0,0
2025-10-08 06:46:42,app-degradacao-57f8dfd878-w89qn,app,tcc-degradacao,x86,1759906000.0,0.0,0.0,0.0,1759905649.0,0.0,0.0,0.6327242216460458,1.0,0.5,0.0,0.0004450527155560752,0.0,0.0,18608128.0,0.055019497534438765,536870912.0,1.0,0.0,0.5,21037056.0,40730624.0,22482944.0,0.0,0.0,0.0,0.0,0.0,0.0,0.0,0.0,0.0,1.0,1.0,1.0,1.0,4.187774658203125,0.5164923445196336,0.4568583958630637,0.0,0.5,0,0,0.0,0.0,0.0,514387968.0,95.81222534179688,0,0,0.6666666666666666,0.6666666666666666,0,0,6,2,46,madrugada,0,4.187774658203125,0.0,0.0,0.0,0,0,0,0,0,0,0,0,0,0,0
2025-10-08 06:47:12,app-degradacao-57f8dfd878-w89qn,app,tcc-degradacao,x86,1759906030.0,0.0,0.0,0.0,1759905649.0,0.0,0.0,0.6042739782892035,1.0,0.5,0.0,0.00043186597979788966,0.0,0.0,18608128.0,0.05179491242478887,536870912.0,1.0,0.0,0.5,21037056.0,40730624.0,22482944.0,0.0,0.0,0.0,0.0,0.0,0.0,0.0,0.0,0.0,1.0,1.0,1.0,1.0,4.187774658203125,0.5164923445196336,0.4568583958630637,0.0,0.5,0,0,0.0,0.0,0.0,514387968.0,95.81222534179688,0,0,0.6666666666666666,0.6666666666666666,0,0,6,2,47,madrugada,0,4.187774658203125,0.0,0.0,0.0,0,0,0,0,0,0,0,0,0,0,0
